file,prose_lines,filler_lines,filler_pct,stub_blocks
labs/data-science/analysis-deep/01-data-wrangling/HISTORY.md,6,6,100,0
labs/data-science/analysis-deep/02-visualization-fundamentals/HISTORY.md,6,6,100,0
labs/data-science/analysis-deep/03-descriptive-statistics/HISTORY.md,6,6,100,0
labs/data-science/analysis-deep/05-feature-engineering/HISTORY.md,6,6,100,0
labs/data-science/analysis-deep/07-causal-inference/HISTORY.md,6,6,100,0
labs/data-science/analysis-deep/10-data-pipelines/HISTORY.md,6,6,100,0
labs/data-science/ml-pipelines-deep/01-feature-stores/HISTORY.md,6,6,100,0
labs/data-science/ml-pipelines-deep/03-model-evaluation/HISTORY.md,6,6,100,0
labs/data-science/ml-pipelines-deep/04-model-interpretability/HISTORY.md,6,6,100,0
labs/data-science/ml-pipelines-deep/05-model-serving/HISTORY.md,6,6,100,0
labs/data-science/ml-pipelines-deep/06-model-monitoring/HISTORY.md,6,6,100,0
labs/data-science/ml-pipelines-deep/07-mlops-orchestration/HISTORY.md,6,6,100,0
labs/java/collections-deep/01-hashmap-internals/ARCHITECTURE.md,73,73,100,0
labs/java/collections-deep/01-hashmap-internals/CODE_DEEP_DIVE.md,29,29,100,0
labs/java/collections-deep/01-hashmap-internals/COMMON_MISTAKES.md,83,83,100,0
labs/java/collections-deep/01-hashmap-internals/DEBUGGING.md,76,76,100,0
labs/java/collections-deep/01-hashmap-internals/FLASHCARDS.md,77,77,100,0
labs/java/collections-deep/01-hashmap-internals/INTERNALS.md,92,92,100,0
labs/java/collections-deep/01-hashmap-internals/PERFORMANCE.md,78,78,100,0
labs/java/collections-deep/01-hashmap-internals/REFACTORING.md,74,74,100,0
labs/java/collections-deep/01-hashmap-internals/REFERENCES.md,76,76,100,0
labs/java/collections-deep/01-hashmap-internals/SECURITY.md,78,78,100,0
labs/java/collections-deep/01-hashmap-internals/STEP_BY_STEP.md,65,65,100,0
labs/java/collections-deep/01-hashmap-internals/VISUAL_GUIDE.md,58,58,100,0
labs/java/collections-deep/01-hashmap-internals/WHY_IT_EXISTS.md,88,88,100,0
labs/java/collections-deep/02-concurrent-hashmap/ARCHITECTURE.md,73,73,100,0
labs/java/collections-deep/02-concurrent-hashmap/CODE_DEEP_DIVE.md,29,29,100,0
labs/java/collections-deep/02-concurrent-hashmap/COMMON_MISTAKES.md,83,83,100,0
labs/java/collections-deep/02-concurrent-hashmap/DEBUGGING.md,76,76,100,0
labs/java/collections-deep/02-concurrent-hashmap/FLASHCARDS.md,77,77,100,0
labs/java/collections-deep/02-concurrent-hashmap/INTERNALS.md,92,92,100,0
labs/java/collections-deep/02-concurrent-hashmap/PERFORMANCE.md,78,78,100,0
labs/java/collections-deep/02-concurrent-hashmap/REFACTORING.md,74,74,100,0
labs/java/collections-deep/02-concurrent-hashmap/REFERENCES.md,76,76,100,0
labs/java/collections-deep/02-concurrent-hashmap/SECURITY.md,78,78,100,0
labs/java/collections-deep/02-concurrent-hashmap/STEP_BY_STEP.md,65,65,100,0
labs/java/collections-deep/02-concurrent-hashmap/VISUAL_GUIDE.md,58,58,100,0
labs/java/collections-deep/02-concurrent-hashmap/WHY_IT_EXISTS.md,88,88,100,0
labs/java/collections-deep/03-linked-list-deep/ARCHITECTURE.md,73,73,100,0
labs/java/collections-deep/03-linked-list-deep/CODE_DEEP_DIVE.md,29,29,100,0
labs/java/collections-deep/03-linked-list-deep/COMMON_MISTAKES.md,83,83,100,0
labs/java/collections-deep/03-linked-list-deep/DEBUGGING.md,76,76,100,0
labs/java/collections-deep/03-linked-list-deep/FLASHCARDS.md,77,77,100,0
labs/java/collections-deep/03-linked-list-deep/INTERNALS.md,92,92,100,0
labs/java/collections-deep/03-linked-list-deep/PERFORMANCE.md,78,78,100,0
labs/java/collections-deep/03-linked-list-deep/REFACTORING.md,74,74,100,0
labs/java/collections-deep/03-linked-list-deep/REFERENCES.md,76,76,100,0
labs/java/collections-deep/03-linked-list-deep/SECURITY.md,78,78,100,0
labs/java/collections-deep/03-linked-list-deep/STEP_BY_STEP.md,65,65,100,0
labs/java/collections-deep/03-linked-list-deep/VISUAL_GUIDE.md,58,58,100,0
labs/java/collections-deep/03-linked-list-deep/WHY_IT_EXISTS.md,88,88,100,0
labs/java/collections-deep/04-arraylist-deep/ARCHITECTURE.md,73,73,100,0
labs/java/collections-deep/04-arraylist-deep/CODE_DEEP_DIVE.md,29,29,100,0
labs/java/collections-deep/04-arraylist-deep/COMMON_MISTAKES.md,83,83,100,0
labs/java/collections-deep/04-arraylist-deep/DEBUGGING.md,76,76,100,0
labs/java/collections-deep/04-arraylist-deep/FLASHCARDS.md,77,77,100,0
labs/java/collections-deep/04-arraylist-deep/INTERNALS.md,92,92,100,0
labs/java/collections-deep/04-arraylist-deep/PERFORMANCE.md,78,78,100,0
labs/java/collections-deep/04-arraylist-deep/REFACTORING.md,74,74,100,0
labs/java/collections-deep/04-arraylist-deep/REFERENCES.md,76,76,100,0
labs/java/collections-deep/04-arraylist-deep/SECURITY.md,78,78,100,0
labs/java/collections-deep/04-arraylist-deep/STEP_BY_STEP.md,65,65,100,0
labs/java/collections-deep/04-arraylist-deep/VISUAL_GUIDE.md,58,58,100,0
labs/java/collections-deep/04-arraylist-deep/WHY_IT_EXISTS.md,88,88,100,0
labs/java/collections-deep/05-treemap-treeset/ARCHITECTURE.md,73,73,100,0
labs/java/collections-deep/05-treemap-treeset/CODE_DEEP_DIVE.md,29,29,100,0
labs/java/collections-deep/05-treemap-treeset/COMMON_MISTAKES.md,83,83,100,0
labs/java/collections-deep/05-treemap-treeset/DEBUGGING.md,76,76,100,0
labs/java/collections-deep/05-treemap-treeset/FLASHCARDS.md,77,77,100,0
labs/java/collections-deep/05-treemap-treeset/INTERNALS.md,92,92,100,0
labs/java/collections-deep/05-treemap-treeset/PERFORMANCE.md,78,78,100,0
labs/java/collections-deep/05-treemap-treeset/REFACTORING.md,74,74,100,0
labs/java/collections-deep/05-treemap-treeset/REFERENCES.md,76,76,100,0
labs/java/collections-deep/05-treemap-treeset/SECURITY.md,78,78,100,0
labs/java/collections-deep/05-treemap-treeset/STEP_BY_STEP.md,65,65,100,0
labs/java/collections-deep/05-treemap-treeset/VISUAL_GUIDE.md,58,58,100,0
labs/java/collections-deep/05-treemap-treeset/WHY_IT_EXISTS.md,88,88,100,0
labs/java/collections-deep/06-priority-queue/ARCHITECTURE.md,73,73,100,0
labs/java/collections-deep/06-priority-queue/CODE_DEEP_DIVE.md,29,29,100,0
labs/java/collections-deep/06-priority-queue/COMMON_MISTAKES.md,83,83,100,0
labs/java/collections-deep/06-priority-queue/DEBUGGING.md,76,76,100,0
labs/java/collections-deep/06-priority-queue/FLASHCARDS.md,77,77,100,0
labs/java/collections-deep/06-priority-queue/INTERNALS.md,92,92,100,0
labs/java/collections-deep/06-priority-queue/PERFORMANCE.md,78,78,100,0
labs/java/collections-deep/06-priority-queue/REFACTORING.md,74,74,100,0
labs/java/collections-deep/06-priority-queue/REFERENCES.md,76,76,100,0
labs/java/collections-deep/06-priority-queue/SECURITY.md,78,78,100,0
labs/java/collections-deep/06-priority-queue/STEP_BY_STEP.md,65,65,100,0
labs/java/collections-deep/06-priority-queue/VISUAL_GUIDE.md,58,58,100,0
labs/java/collections-deep/06-priority-queue/WHY_IT_EXISTS.md,88,88,100,0
labs/java/collections-deep/07-hashmap-design-build/ARCHITECTURE.md,73,73,100,0
labs/java/collections-deep/07-hashmap-design-build/CODE_DEEP_DIVE.md,29,29,100,0
labs/java/collections-deep/07-hashmap-design-build/COMMON_MISTAKES.md,83,83,100,0
labs/java/collections-deep/07-hashmap-design-build/DEBUGGING.md,76,76,100,0
labs/java/collections-deep/07-hashmap-design-build/FLASHCARDS.md,77,77,100,0
labs/java/collections-deep/07-hashmap-design-build/INTERNALS.md,92,92,100,0
labs/java/collections-deep/07-hashmap-design-build/PERFORMANCE.md,78,78,100,0
labs/java/collections-deep/07-hashmap-design-build/REFACTORING.md,74,74,100,0
labs/java/collections-deep/07-hashmap-design-build/REFERENCES.md,76,76,100,0
labs/java/collections-deep/07-hashmap-design-build/SECURITY.md,78,78,100,0
labs/java/collections-deep/07-hashmap-design-build/STEP_BY_STEP.md,65,65,100,0
labs/java/collections-deep/07-hashmap-design-build/VISUAL_GUIDE.md,58,58,100,0
labs/java/collections-deep/07-hashmap-design-build/WHY_IT_EXISTS.md,88,88,100,0
labs/java/collections-deep/08-concurrent-linked-queue/ARCHITECTURE.md,73,73,100,0
labs/java/collections-deep/08-concurrent-linked-queue/CODE_DEEP_DIVE.md,29,29,100,0
labs/java/collections-deep/08-concurrent-linked-queue/COMMON_MISTAKES.md,83,83,100,0
labs/java/collections-deep/08-concurrent-linked-queue/DEBUGGING.md,76,76,100,0
labs/java/collections-deep/08-concurrent-linked-queue/FLASHCARDS.md,77,77,100,0
labs/java/collections-deep/08-concurrent-linked-queue/INTERNALS.md,92,92,100,0
labs/java/collections-deep/08-concurrent-linked-queue/PERFORMANCE.md,78,78,100,0
labs/java/collections-deep/08-concurrent-linked-queue/REFACTORING.md,74,74,100,0
labs/java/collections-deep/08-concurrent-linked-queue/REFERENCES.md,76,76,100,0
labs/java/collections-deep/08-concurrent-linked-queue/SECURITY.md,78,78,100,0
labs/java/collections-deep/08-concurrent-linked-queue/STEP_BY_STEP.md,65,65,100,0
labs/java/collections-deep/08-concurrent-linked-queue/VISUAL_GUIDE.md,58,58,100,0
labs/java/collections-deep/08-concurrent-linked-queue/WHY_IT_EXISTS.md,88,88,100,0
labs/java/collections-deep/09-copyonwrite-arraylist/ARCHITECTURE.md,73,73,100,0
labs/java/collections-deep/09-copyonwrite-arraylist/CODE_DEEP_DIVE.md,29,29,100,0
labs/java/collections-deep/09-copyonwrite-arraylist/COMMON_MISTAKES.md,83,83,100,0
labs/java/collections-deep/09-copyonwrite-arraylist/DEBUGGING.md,76,76,100,0
labs/java/collections-deep/09-copyonwrite-arraylist/FLASHCARDS.md,77,77,100,0
labs/java/collections-deep/09-copyonwrite-arraylist/INTERNALS.md,92,92,100,0
labs/java/collections-deep/09-copyonwrite-arraylist/PERFORMANCE.md,78,78,100,0
labs/java/collections-deep/09-copyonwrite-arraylist/REFACTORING.md,74,74,100,0
labs/java/collections-deep/09-copyonwrite-arraylist/REFERENCES.md,76,76,100,0
labs/java/collections-deep/09-copyonwrite-arraylist/SECURITY.md,78,78,100,0
labs/java/collections-deep/09-copyonwrite-arraylist/STEP_BY_STEP.md,65,65,100,0
labs/java/collections-deep/09-copyonwrite-arraylist/VISUAL_GUIDE.md,58,58,100,0
labs/java/collections-deep/09-copyonwrite-arraylist/WHY_IT_EXISTS.md,88,88,100,0
labs/java/collections-deep/10-bloom-filter/ARCHITECTURE.md,73,73,100,0
labs/java/collections-deep/10-bloom-filter/CODE_DEEP_DIVE.md,29,29,100,0
labs/java/collections-deep/10-bloom-filter/COMMON_MISTAKES.md,83,83,100,0
labs/java/collections-deep/10-bloom-filter/DEBUGGING.md,76,76,100,0
labs/java/collections-deep/10-bloom-filter/FLASHCARDS.md,77,77,100,0
labs/java/collections-deep/10-bloom-filter/INTERNALS.md,92,92,100,0
labs/java/collections-deep/10-bloom-filter/PERFORMANCE.md,78,78,100,0
labs/java/collections-deep/10-bloom-filter/REFACTORING.md,74,74,100,0
labs/java/collections-deep/10-bloom-filter/REFERENCES.md,76,76,100,0
labs/java/collections-deep/10-bloom-filter/SECURITY.md,78,78,100,0
labs/java/collections-deep/10-bloom-filter/STEP_BY_STEP.md,65,65,100,0
labs/java/collections-deep/10-bloom-filter/VISUAL_GUIDE.md,58,58,100,0
labs/java/collections-deep/10-bloom-filter/WHY_IT_EXISTS.md,88,88,100,0
labs/java/concurrency-deep/01-thread-lifecycle/ARCHITECTURE.md,73,73,100,0
labs/java/concurrency-deep/01-thread-lifecycle/CODE_DEEP_DIVE.md,29,29,100,0
labs/java/concurrency-deep/01-thread-lifecycle/COMMON_MISTAKES.md,83,83,100,0
labs/java/concurrency-deep/01-thread-lifecycle/DEBUGGING.md,76,76,100,0
labs/java/concurrency-deep/01-thread-lifecycle/FLASHCARDS.md,77,77,100,0
labs/java/concurrency-deep/01-thread-lifecycle/INTERNALS.md,92,92,100,0
labs/java/concurrency-deep/01-thread-lifecycle/PERFORMANCE.md,78,78,100,0
labs/java/concurrency-deep/01-thread-lifecycle/REFACTORING.md,74,74,100,0
labs/java/concurrency-deep/01-thread-lifecycle/REFERENCES.md,76,76,100,0
labs/java/concurrency-deep/01-thread-lifecycle/SECURITY.md,78,78,100,0
labs/java/concurrency-deep/01-thread-lifecycle/STEP_BY_STEP.md,65,65,100,0
labs/java/concurrency-deep/01-thread-lifecycle/VISUAL_GUIDE.md,58,58,100,0
labs/java/concurrency-deep/01-thread-lifecycle/WHY_IT_EXISTS.md,88,88,100,0
labs/java/concurrency-deep/02-synchronized-internals/ARCHITECTURE.md,73,73,100,0
labs/java/concurrency-deep/02-synchronized-internals/CODE_DEEP_DIVE.md,29,29,100,0
labs/java/concurrency-deep/02-synchronized-internals/COMMON_MISTAKES.md,83,83,100,0
labs/java/concurrency-deep/02-synchronized-internals/DEBUGGING.md,76,76,100,0
labs/java/concurrency-deep/02-synchronized-internals/FLASHCARDS.md,77,77,100,0
labs/java/concurrency-deep/02-synchronized-internals/INTERNALS.md,92,92,100,0
labs/java/concurrency-deep/02-synchronized-internals/PERFORMANCE.md,78,78,100,0
labs/java/concurrency-deep/02-synchronized-internals/REFACTORING.md,74,74,100,0
labs/java/concurrency-deep/02-synchronized-internals/REFERENCES.md,76,76,100,0
labs/java/concurrency-deep/02-synchronized-internals/SECURITY.md,78,78,100,0
labs/java/concurrency-deep/02-synchronized-internals/STEP_BY_STEP.md,65,65,100,0
labs/java/concurrency-deep/02-synchronized-internals/VISUAL_GUIDE.md,58,58,100,0
labs/java/concurrency-deep/02-synchronized-internals/WHY_IT_EXISTS.md,88,88,100,0
labs/java/concurrency-deep/03-volatile-semantics/ARCHITECTURE.md,73,73,100,0
labs/java/concurrency-deep/03-volatile-semantics/CODE_DEEP_DIVE.md,29,29,100,0
labs/java/concurrency-deep/03-volatile-semantics/COMMON_MISTAKES.md,83,83,100,0
labs/java/concurrency-deep/03-volatile-semantics/DEBUGGING.md,76,76,100,0
labs/java/concurrency-deep/03-volatile-semantics/FLASHCARDS.md,77,77,100,0
labs/java/concurrency-deep/03-volatile-semantics/INTERNALS.md,92,92,100,0
labs/java/concurrency-deep/03-volatile-semantics/PERFORMANCE.md,78,78,100,0
labs/java/concurrency-deep/03-volatile-semantics/REFACTORING.md,74,74,100,0
labs/java/concurrency-deep/03-volatile-semantics/REFERENCES.md,76,76,100,0
labs/java/concurrency-deep/03-volatile-semantics/SECURITY.md,78,78,100,0
labs/java/concurrency-deep/03-volatile-semantics/STEP_BY_STEP.md,65,65,100,0
labs/java/concurrency-deep/03-volatile-semantics/VISUAL_GUIDE.md,58,58,100,0
labs/java/concurrency-deep/03-volatile-semantics/WHY_IT_EXISTS.md,88,88,100,0
labs/java/concurrency-deep/04-atomic-classes/ARCHITECTURE.md,73,73,100,0
labs/java/concurrency-deep/04-atomic-classes/CODE_DEEP_DIVE.md,29,29,100,0
labs/java/concurrency-deep/04-atomic-classes/COMMON_MISTAKES.md,83,83,100,0
labs/java/concurrency-deep/04-atomic-classes/DEBUGGING.md,76,76,100,0
labs/java/concurrency-deep/04-atomic-classes/FLASHCARDS.md,77,77,100,0
labs/java/concurrency-deep/04-atomic-classes/INTERNALS.md,92,92,100,0
labs/java/concurrency-deep/04-atomic-classes/PERFORMANCE.md,78,78,100,0
labs/java/concurrency-deep/04-atomic-classes/REFACTORING.md,74,74,100,0
labs/java/concurrency-deep/04-atomic-classes/REFERENCES.md,76,76,100,0
labs/java/concurrency-deep/04-atomic-classes/SECURITY.md,78,78,100,0
labs/java/concurrency-deep/04-atomic-classes/STEP_BY_STEP.md,65,65,100,0
labs/java/concurrency-deep/04-atomic-classes/VISUAL_GUIDE.md,58,58,100,0
labs/java/concurrency-deep/04-atomic-classes/WHY_IT_EXISTS.md,88,88,100,0
labs/java/concurrency-deep/05-lock-framework/ARCHITECTURE.md,73,73,100,0
labs/java/concurrency-deep/05-lock-framework/CODE_DEEP_DIVE.md,29,29,100,0
labs/java/concurrency-deep/05-lock-framework/COMMON_MISTAKES.md,83,83,100,0
labs/java/concurrency-deep/05-lock-framework/DEBUGGING.md,76,76,100,0
labs/java/concurrency-deep/05-lock-framework/FLASHCARDS.md,77,77,100,0
labs/java/concurrency-deep/05-lock-framework/INTERNALS.md,92,92,100,0
labs/java/concurrency-deep/05-lock-framework/PERFORMANCE.md,78,78,100,0
labs/java/concurrency-deep/05-lock-framework/REFACTORING.md,74,74,100,0
labs/java/concurrency-deep/05-lock-framework/REFERENCES.md,76,76,100,0
labs/java/concurrency-deep/05-lock-framework/SECURITY.md,78,78,100,0
labs/java/concurrency-deep/05-lock-framework/STEP_BY_STEP.md,65,65,100,0
labs/java/concurrency-deep/05-lock-framework/VISUAL_GUIDE.md,58,58,100,0
labs/java/concurrency-deep/05-lock-framework/WHY_IT_EXISTS.md,88,88,100,0
labs/java/concurrency-deep/06-completable-future/ARCHITECTURE.md,73,73,100,0
labs/java/concurrency-deep/06-completable-future/CODE_DEEP_DIVE.md,29,29,100,0
labs/java/concurrency-deep/06-completable-future/COMMON_MISTAKES.md,83,83,100,0
labs/java/concurrency-deep/06-completable-future/DEBUGGING.md,76,76,100,0
labs/java/concurrency-deep/06-completable-future/FLASHCARDS.md,77,77,100,0
labs/java/concurrency-deep/06-completable-future/INTERNALS.md,92,92,100,0
labs/java/concurrency-deep/06-completable-future/PERFORMANCE.md,78,78,100,0
labs/java/concurrency-deep/06-completable-future/REFACTORING.md,74,74,100,0
labs/java/concurrency-deep/06-completable-future/REFERENCES.md,76,76,100,0
labs/java/concurrency-deep/06-completable-future/SECURITY.md,78,78,100,0
labs/java/concurrency-deep/06-completable-future/STEP_BY_STEP.md,65,65,100,0
labs/java/concurrency-deep/06-completable-future/VISUAL_GUIDE.md,58,58,100,0
labs/java/concurrency-deep/06-completable-future/WHY_IT_EXISTS.md,88,88,100,0
labs/java/concurrency-deep/07-fork-join-pool/ARCHITECTURE.md,73,73,100,0
labs/java/concurrency-deep/07-fork-join-pool/CODE_DEEP_DIVE.md,29,29,100,0
labs/java/concurrency-deep/07-fork-join-pool/COMMON_MISTAKES.md,83,83,100,0
labs/java/concurrency-deep/07-fork-join-pool/DEBUGGING.md,76,76,100,0
labs/java/concurrency-deep/07-fork-join-pool/FLASHCARDS.md,77,77,100,0
labs/java/concurrency-deep/07-fork-join-pool/INTERNALS.md,92,92,100,0
labs/java/concurrency-deep/07-fork-join-pool/PERFORMANCE.md,78,78,100,0
labs/java/concurrency-deep/07-fork-join-pool/REFACTORING.md,74,74,100,0
labs/java/concurrency-deep/07-fork-join-pool/REFERENCES.md,76,76,100,0
labs/java/concurrency-deep/07-fork-join-pool/SECURITY.md,78,78,100,0
labs/java/concurrency-deep/07-fork-join-pool/STEP_BY_STEP.md,65,65,100,0
labs/java/concurrency-deep/07-fork-join-pool/VISUAL_GUIDE.md,58,58,100,0
labs/java/concurrency-deep/07-fork-join-pool/WHY_IT_EXISTS.md,88,88,100,0
labs/java/concurrency-deep/08-stamped-lock/ARCHITECTURE.md,73,73,100,0
labs/java/concurrency-deep/08-stamped-lock/CODE_DEEP_DIVE.md,29,29,100,0
labs/java/concurrency-deep/08-stamped-lock/COMMON_MISTAKES.md,83,83,100,0
labs/java/concurrency-deep/08-stamped-lock/DEBUGGING.md,76,76,100,0
labs/java/concurrency-deep/08-stamped-lock/FLASHCARDS.md,77,77,100,0
labs/java/concurrency-deep/08-stamped-lock/INTERNALS.md,92,92,100,0
labs/java/concurrency-deep/08-stamped-lock/PERFORMANCE.md,78,78,100,0
labs/java/concurrency-deep/08-stamped-lock/REFACTORING.md,74,74,100,0
labs/java/concurrency-deep/08-stamped-lock/REFERENCES.md,76,76,100,0
labs/java/concurrency-deep/08-stamped-lock/SECURITY.md,78,78,100,0
labs/java/concurrency-deep/08-stamped-lock/STEP_BY_STEP.md,65,65,100,0
labs/java/concurrency-deep/08-stamped-lock/VISUAL_GUIDE.md,58,58,100,0
labs/java/concurrency-deep/08-stamped-lock/WHY_IT_EXISTS.md,88,88,100,0
labs/java/concurrency-deep/09-phaser/ARCHITECTURE.md,73,73,100,0
labs/java/concurrency-deep/09-phaser/CODE_DEEP_DIVE.md,29,29,100,0
labs/java/concurrency-deep/09-phaser/COMMON_MISTAKES.md,83,83,100,0
labs/java/concurrency-deep/09-phaser/DEBUGGING.md,76,76,100,0
labs/java/concurrency-deep/09-phaser/FLASHCARDS.md,77,77,100,0
labs/java/concurrency-deep/09-phaser/INTERNALS.md,92,92,100,0
labs/java/concurrency-deep/09-phaser/PERFORMANCE.md,78,78,100,0
labs/java/concurrency-deep/09-phaser/REFACTORING.md,74,74,100,0
labs/java/concurrency-deep/09-phaser/REFERENCES.md,76,76,100,0
labs/java/concurrency-deep/09-phaser/SECURITY.md,78,78,100,0
labs/java/concurrency-deep/09-phaser/STEP_BY_STEP.md,65,65,100,0
labs/java/concurrency-deep/09-phaser/VISUAL_GUIDE.md,58,58,100,0
labs/java/concurrency-deep/09-phaser/WHY_IT_EXISTS.md,88,88,100,0
labs/java/concurrency-deep/10-structured-concurrency/ARCHITECTURE.md,73,73,100,0
labs/java/concurrency-deep/10-structured-concurrency/CODE_DEEP_DIVE.md,29,29,100,0
labs/java/concurrency-deep/10-structured-concurrency/COMMON_MISTAKES.md,83,83,100,0
labs/java/concurrency-deep/10-structured-concurrency/DEBUGGING.md,76,76,100,0
labs/java/concurrency-deep/10-structured-concurrency/FLASHCARDS.md,77,77,100,0
labs/java/concurrency-deep/10-structured-concurrency/INTERNALS.md,92,92,100,0
labs/java/concurrency-deep/10-structured-concurrency/PERFORMANCE.md,78,78,100,0
labs/java/concurrency-deep/10-structured-concurrency/REFACTORING.md,74,74,100,0
labs/java/concurrency-deep/10-structured-concurrency/REFERENCES.md,76,76,100,0
labs/java/concurrency-deep/10-structured-concurrency/SECURITY.md,78,78,100,0
labs/java/concurrency-deep/10-structured-concurrency/STEP_BY_STEP.md,65,65,100,0
labs/java/concurrency-deep/10-structured-concurrency/VISUAL_GUIDE.md,58,58,100,0
labs/java/concurrency-deep/10-structured-concurrency/WHY_IT_EXISTS.md,88,88,100,0
labs/java/jvm-deep/01-class-file-format/ARCHITECTURE.md,73,73,100,0
labs/java/jvm-deep/01-class-file-format/CODE_DEEP_DIVE.md,29,29,100,0
labs/java/jvm-deep/01-class-file-format/COMMON_MISTAKES.md,83,83,100,0
labs/java/jvm-deep/01-class-file-format/DEBUGGING.md,76,76,100,0
labs/java/jvm-deep/01-class-file-format/FLASHCARDS.md,77,77,100,0
labs/java/jvm-deep/01-class-file-format/INTERNALS.md,92,92,100,0
labs/java/jvm-deep/01-class-file-format/PERFORMANCE.md,78,78,100,0
labs/java/jvm-deep/01-class-file-format/REFACTORING.md,74,74,100,0
labs/java/jvm-deep/01-class-file-format/REFERENCES.md,76,76,100,0
labs/java/jvm-deep/01-class-file-format/SECURITY.md,78,78,100,0
labs/java/jvm-deep/01-class-file-format/STEP_BY_STEP.md,65,65,100,0
labs/java/jvm-deep/01-class-file-format/VISUAL_GUIDE.md,58,58,100,0
labs/java/jvm-deep/01-class-file-format/WHY_IT_EXISTS.md,88,88,100,0
labs/java/jvm-deep/02-class-loading/ARCHITECTURE.md,73,73,100,0
labs/java/jvm-deep/02-class-loading/CODE_DEEP_DIVE.md,29,29,100,0
labs/java/jvm-deep/02-class-loading/COMMON_MISTAKES.md,83,83,100,0
labs/java/jvm-deep/02-class-loading/DEBUGGING.md,76,76,100,0
labs/java/jvm-deep/02-class-loading/FLASHCARDS.md,77,77,100,0
labs/java/jvm-deep/02-class-loading/INTERNALS.md,92,92,100,0
labs/java/jvm-deep/02-class-loading/PERFORMANCE.md,78,78,100,0
labs/java/jvm-deep/02-class-loading/REFACTORING.md,74,74,100,0
labs/java/jvm-deep/02-class-loading/REFERENCES.md,76,76,100,0
labs/java/jvm-deep/02-class-loading/SECURITY.md,78,78,100,0
labs/java/jvm-deep/02-class-loading/STEP_BY_STEP.md,65,65,100,0
labs/java/jvm-deep/02-class-loading/VISUAL_GUIDE.md,58,58,100,0
labs/java/jvm-deep/02-class-loading/WHY_IT_EXISTS.md,88,88,100,0
labs/java/jvm-deep/03-bytecode-introduction/ARCHITECTURE.md,73,73,100,0
labs/java/jvm-deep/03-bytecode-introduction/CODE_DEEP_DIVE.md,29,29,100,0
labs/java/jvm-deep/03-bytecode-introduction/COMMON_MISTAKES.md,83,83,100,0
labs/java/jvm-deep/03-bytecode-introduction/DEBUGGING.md,76,76,100,0
labs/java/jvm-deep/03-bytecode-introduction/INTERNALS.md,92,92,100,0
labs/java/jvm-deep/03-bytecode-introduction/PERFORMANCE.md,78,78,100,0
labs/java/jvm-deep/03-bytecode-introduction/REFACTORING.md,74,74,100,0
labs/java/jvm-deep/03-bytecode-introduction/REFERENCES.md,76,76,100,0
labs/java/jvm-deep/03-bytecode-introduction/SECURITY.md,78,78,100,0
labs/java/jvm-deep/03-bytecode-introduction/STEP_BY_STEP.md,65,65,100,0
labs/java/jvm-deep/03-bytecode-introduction/VISUAL_GUIDE.md,58,58,100,0
labs/java/jvm-deep/03-bytecode-introduction/WHY_IT_EXISTS.md,88,88,100,0
labs/java/jvm-deep/04-asm-bytecode/ARCHITECTURE.md,73,73,100,0
labs/java/jvm-deep/04-asm-bytecode/CODE_DEEP_DIVE.md,29,29,100,0
labs/java/jvm-deep/04-asm-bytecode/COMMON_MISTAKES.md,83,83,100,0
labs/java/jvm-deep/04-asm-bytecode/DEBUGGING.md,76,76,100,0
labs/java/jvm-deep/04-asm-bytecode/INTERNALS.md,92,92,100,0
labs/java/jvm-deep/04-asm-bytecode/PERFORMANCE.md,78,78,100,0
labs/java/jvm-deep/04-asm-bytecode/REFACTORING.md,74,74,100,0
labs/java/jvm-deep/04-asm-bytecode/REFERENCES.md,76,76,100,0
labs/java/jvm-deep/04-asm-bytecode/SECURITY.md,78,78,100,0
labs/java/jvm-deep/04-asm-bytecode/STEP_BY_STEP.md,65,65,100,0
labs/java/jvm-deep/04-asm-bytecode/VISUAL_GUIDE.md,58,58,100,0
labs/java/jvm-deep/04-asm-bytecode/WHY_IT_EXISTS.md,88,88,100,0
labs/java/jvm-deep/05-method-handles/ARCHITECTURE.md,73,73,100,0
labs/java/jvm-deep/05-method-handles/CODE_DEEP_DIVE.md,29,29,100,0
labs/java/jvm-deep/05-method-handles/COMMON_MISTAKES.md,83,83,100,0
labs/java/jvm-deep/05-method-handles/DEBUGGING.md,76,76,100,0
labs/java/jvm-deep/05-method-handles/INTERNALS.md,92,92,100,0
labs/java/jvm-deep/05-method-handles/PERFORMANCE.md,78,78,100,0
labs/java/jvm-deep/05-method-handles/REFACTORING.md,74,74,100,0
labs/java/jvm-deep/05-method-handles/REFERENCES.md,76,76,100,0
labs/java/jvm-deep/05-method-handles/SECURITY.md,78,78,100,0
labs/java/jvm-deep/05-method-handles/STEP_BY_STEP.md,65,65,100,0
labs/java/jvm-deep/05-method-handles/VISUAL_GUIDE.md,58,58,100,0
labs/java/jvm-deep/05-method-handles/WHY_IT_EXISTS.md,88,88,100,0
labs/java/jvm-deep/06-jit-compilation/ARCHITECTURE.md,73,73,100,0
labs/java/jvm-deep/06-jit-compilation/CODE_DEEP_DIVE.md,29,29,100,0
labs/java/jvm-deep/06-jit-compilation/COMMON_MISTAKES.md,83,83,100,0
labs/java/jvm-deep/06-jit-compilation/DEBUGGING.md,76,76,100,0
labs/java/jvm-deep/06-jit-compilation/INTERNALS.md,92,92,100,0
labs/java/jvm-deep/06-jit-compilation/PERFORMANCE.md,78,78,100,0
labs/java/jvm-deep/06-jit-compilation/REFACTORING.md,74,74,100,0
labs/java/jvm-deep/06-jit-compilation/REFERENCES.md,76,76,100,0
labs/java/jvm-deep/06-jit-compilation/SECURITY.md,78,78,100,0
labs/java/jvm-deep/06-jit-compilation/STEP_BY_STEP.md,65,65,100,0
labs/java/jvm-deep/06-jit-compilation/VISUAL_GUIDE.md,58,58,100,0
labs/java/jvm-deep/06-jit-compilation/WHY_IT_EXISTS.md,88,88,100,0
labs/java/jvm-deep/07-gc-1-g1/ARCHITECTURE.md,73,73,100,0
labs/java/jvm-deep/07-gc-1-g1/CODE_DEEP_DIVE.md,29,29,100,0
labs/java/jvm-deep/07-gc-1-g1/COMMON_MISTAKES.md,83,83,100,0
labs/java/jvm-deep/07-gc-1-g1/DEBUGGING.md,76,76,100,0
labs/java/jvm-deep/07-gc-1-g1/INTERNALS.md,92,92,100,0
labs/java/jvm-deep/07-gc-1-g1/PERFORMANCE.md,78,78,100,0
labs/java/jvm-deep/07-gc-1-g1/REFACTORING.md,74,74,100,0
labs/java/jvm-deep/07-gc-1-g1/REFERENCES.md,76,76,100,0
labs/java/jvm-deep/07-gc-1-g1/SECURITY.md,78,78,100,0
labs/java/jvm-deep/07-gc-1-g1/STEP_BY_STEP.md,65,65,100,0
labs/java/jvm-deep/07-gc-1-g1/VISUAL_GUIDE.md,58,58,100,0
labs/java/jvm-deep/07-gc-1-g1/WHY_IT_EXISTS.md,88,88,100,0
labs/java/jvm-deep/08-gc-2-zgc/ARCHITECTURE.md,73,73,100,0
labs/java/jvm-deep/08-gc-2-zgc/CODE_DEEP_DIVE.md,29,29,100,0
labs/java/jvm-deep/08-gc-2-zgc/COMMON_MISTAKES.md,83,83,100,0
labs/java/jvm-deep/08-gc-2-zgc/DEBUGGING.md,76,76,100,0
labs/java/jvm-deep/08-gc-2-zgc/FLASHCARDS.md,77,77,100,0
labs/java/jvm-deep/08-gc-2-zgc/INTERNALS.md,92,92,100,0
labs/java/jvm-deep/08-gc-2-zgc/PERFORMANCE.md,78,78,100,0
labs/java/jvm-deep/08-gc-2-zgc/REFACTORING.md,74,74,100,0
labs/java/jvm-deep/08-gc-2-zgc/REFERENCES.md,76,76,100,0
labs/java/jvm-deep/08-gc-2-zgc/SECURITY.md,78,78,100,0
labs/java/jvm-deep/08-gc-2-zgc/STEP_BY_STEP.md,65,65,100,0
labs/java/jvm-deep/08-gc-2-zgc/VISUAL_GUIDE.md,58,58,100,0
labs/java/jvm-deep/08-gc-2-zgc/WHY_IT_EXISTS.md,88,88,100,0
labs/java/jvm-deep/09-gc-3-shenandoah/ARCHITECTURE.md,73,73,100,0
labs/java/jvm-deep/09-gc-3-shenandoah/CODE_DEEP_DIVE.md,29,29,100,0
labs/java/jvm-deep/09-gc-3-shenandoah/COMMON_MISTAKES.md,83,83,100,0
labs/java/jvm-deep/09-gc-3-shenandoah/DEBUGGING.md,76,76,100,0
labs/java/jvm-deep/09-gc-3-shenandoah/FLASHCARDS.md,77,77,100,0
labs/java/jvm-deep/09-gc-3-shenandoah/INTERNALS.md,92,92,100,0
labs/java/jvm-deep/09-gc-3-shenandoah/PERFORMANCE.md,78,78,100,0
labs/java/jvm-deep/09-gc-3-shenandoah/REFACTORING.md,74,74,100,0
labs/java/jvm-deep/09-gc-3-shenandoah/REFERENCES.md,76,76,100,0
labs/java/jvm-deep/09-gc-3-shenandoah/SECURITY.md,78,78,100,0
labs/java/jvm-deep/09-gc-3-shenandoah/STEP_BY_STEP.md,65,65,100,0
labs/java/jvm-deep/09-gc-3-shenandoah/VISUAL_GUIDE.md,58,58,100,0
labs/java/jvm-deep/09-gc-3-shenandoah/WHY_IT_EXISTS.md,88,88,100,0
labs/java/jvm-deep/10-jvm-tuning/ARCHITECTURE.md,73,73,100,0
labs/java/jvm-deep/10-jvm-tuning/CODE_DEEP_DIVE.md,29,29,100,0
labs/java/jvm-deep/10-jvm-tuning/COMMON_MISTAKES.md,83,83,100,0
labs/java/jvm-deep/10-jvm-tuning/DEBUGGING.md,76,76,100,0
labs/java/jvm-deep/10-jvm-tuning/FLASHCARDS.md,77,77,100,0
labs/java/jvm-deep/10-jvm-tuning/INTERNALS.md,92,92,100,0
labs/java/jvm-deep/10-jvm-tuning/PERFORMANCE.md,78,78,100,0
labs/java/jvm-deep/10-jvm-tuning/REFACTORING.md,74,74,100,0
labs/java/jvm-deep/10-jvm-tuning/REFERENCES.md,76,76,100,0
labs/java/jvm-deep/10-jvm-tuning/SECURITY.md,78,78,100,0
labs/java/jvm-deep/10-jvm-tuning/STEP_BY_STEP.md,65,65,100,0
labs/java/jvm-deep/10-jvm-tuning/VISUAL_GUIDE.md,58,58,100,0
labs/java/jvm-deep/10-jvm-tuning/WHY_IT_EXISTS.md,88,88,100,0
labs/java/memory-deep/01-jmm-foundations/ARCHITECTURE.md,73,73,100,0
labs/java/memory-deep/01-jmm-foundations/CODE_DEEP_DIVE.md,29,29,100,0
labs/java/memory-deep/01-jmm-foundations/COMMON_MISTAKES.md,83,83,100,0
labs/java/memory-deep/01-jmm-foundations/DEBUGGING.md,76,76,100,0
labs/java/memory-deep/01-jmm-foundations/FLASHCARDS.md,77,77,100,0
labs/java/memory-deep/01-jmm-foundations/INTERNALS.md,92,92,100,0
labs/java/memory-deep/01-jmm-foundations/PERFORMANCE.md,78,78,100,0
labs/java/memory-deep/01-jmm-foundations/REFACTORING.md,74,74,100,0
labs/java/memory-deep/01-jmm-foundations/REFERENCES.md,76,76,100,0
labs/java/memory-deep/01-jmm-foundations/SECURITY.md,78,78,100,0
labs/java/memory-deep/01-jmm-foundations/STEP_BY_STEP.md,65,65,100,0
labs/java/memory-deep/01-jmm-foundations/VISUAL_GUIDE.md,58,58,100,0
labs/java/memory-deep/01-jmm-foundations/WHY_IT_EXISTS.md,88,88,100,0
labs/java/memory-deep/02-reordering/ARCHITECTURE.md,73,73,100,0
labs/java/memory-deep/02-reordering/CODE_DEEP_DIVE.md,29,29,100,0
labs/java/memory-deep/02-reordering/COMMON_MISTAKES.md,83,83,100,0
labs/java/memory-deep/02-reordering/DEBUGGING.md,76,76,100,0
labs/java/memory-deep/02-reordering/FLASHCARDS.md,77,77,100,0
labs/java/memory-deep/02-reordering/INTERNALS.md,92,92,100,0
labs/java/memory-deep/02-reordering/PERFORMANCE.md,78,78,100,0
labs/java/memory-deep/02-reordering/REFACTORING.md,74,74,100,0
labs/java/memory-deep/02-reordering/REFERENCES.md,76,76,100,0
labs/java/memory-deep/02-reordering/SECURITY.md,78,78,100,0
labs/java/memory-deep/02-reordering/STEP_BY_STEP.md,65,65,100,0
labs/java/memory-deep/02-reordering/VISUAL_GUIDE.md,58,58,100,0
labs/java/memory-deep/02-reordering/WHY_IT_EXISTS.md,88,88,100,0
labs/java/memory-deep/03-memory-barriers/ARCHITECTURE.md,73,73,100,0
labs/java/memory-deep/03-memory-barriers/CODE_DEEP_DIVE.md,29,29,100,0
labs/java/memory-deep/03-memory-barriers/COMMON_MISTAKES.md,83,83,100,0
labs/java/memory-deep/03-memory-barriers/DEBUGGING.md,76,76,100,0
labs/java/memory-deep/03-memory-barriers/FLASHCARDS.md,77,77,100,0
labs/java/memory-deep/03-memory-barriers/INTERNALS.md,92,92,100,0
labs/java/memory-deep/03-memory-barriers/PERFORMANCE.md,78,78,100,0
labs/java/memory-deep/03-memory-barriers/REFACTORING.md,74,74,100,0
labs/java/memory-deep/03-memory-barriers/REFERENCES.md,76,76,100,0
labs/java/memory-deep/03-memory-barriers/SECURITY.md,78,78,100,0
labs/java/memory-deep/03-memory-barriers/STEP_BY_STEP.md,65,65,100,0
labs/java/memory-deep/03-memory-barriers/VISUAL_GUIDE.md,58,58,100,0
labs/java/memory-deep/03-memory-barriers/WHY_IT_EXISTS.md,88,88,100,0
labs/java/memory-deep/04-final-semantics/ARCHITECTURE.md,73,73,100,0
labs/java/memory-deep/04-final-semantics/CODE_DEEP_DIVE.md,29,29,100,0
labs/java/memory-deep/04-final-semantics/COMMON_MISTAKES.md,83,83,100,0
labs/java/memory-deep/04-final-semantics/DEBUGGING.md,76,76,100,0
labs/java/memory-deep/04-final-semantics/FLASHCARDS.md,77,77,100,0
labs/java/memory-deep/04-final-semantics/INTERNALS.md,92,92,100,0
labs/java/memory-deep/04-final-semantics/PERFORMANCE.md,78,78,100,0
labs/java/memory-deep/04-final-semantics/REFACTORING.md,74,74,100,0
labs/java/memory-deep/04-final-semantics/REFERENCES.md,76,76,100,0
labs/java/memory-deep/04-final-semantics/SECURITY.md,78,78,100,0
labs/java/memory-deep/04-final-semantics/STEP_BY_STEP.md,65,65,100,0
labs/java/memory-deep/04-final-semantics/VISUAL_GUIDE.md,58,58,100,0
labs/java/memory-deep/04-final-semantics/WHY_IT_EXISTS.md,88,88,100,0
labs/java/memory-deep/05-dcl-pattern/ARCHITECTURE.md,73,73,100,0
labs/java/memory-deep/05-dcl-pattern/CODE_DEEP_DIVE.md,29,29,100,0
labs/java/memory-deep/05-dcl-pattern/COMMON_MISTAKES.md,83,83,100,0
labs/java/memory-deep/05-dcl-pattern/DEBUGGING.md,76,76,100,0
labs/java/memory-deep/05-dcl-pattern/FLASHCARDS.md,77,77,100,0
labs/java/memory-deep/05-dcl-pattern/INTERNALS.md,92,92,100,0
labs/java/memory-deep/05-dcl-pattern/PERFORMANCE.md,78,78,100,0
labs/java/memory-deep/05-dcl-pattern/REFACTORING.md,74,74,100,0
labs/java/memory-deep/05-dcl-pattern/REFERENCES.md,76,76,100,0
labs/java/memory-deep/05-dcl-pattern/SECURITY.md,78,78,100,0
labs/java/memory-deep/05-dcl-pattern/STEP_BY_STEP.md,65,65,100,0
labs/java/memory-deep/05-dcl-pattern/VISUAL_GUIDE.md,58,58,100,0
labs/java/memory-deep/05-dcl-pattern/WHY_IT_EXISTS.md,88,88,100,0
labs/java/modern-java-deep/01-records-deep/ARCHITECTURE.md,73,73,100,0
labs/java/modern-java-deep/01-records-deep/CODE_DEEP_DIVE.md,29,29,100,0
labs/java/modern-java-deep/01-records-deep/COMMON_MISTAKES.md,83,83,100,0
labs/java/modern-java-deep/01-records-deep/DEBUGGING.md,76,76,100,0
labs/java/modern-java-deep/01-records-deep/FLASHCARDS.md,77,77,100,0
labs/java/modern-java-deep/01-records-deep/INTERNALS.md,92,92,100,0
labs/java/modern-java-deep/01-records-deep/PERFORMANCE.md,78,78,100,0
labs/java/modern-java-deep/01-records-deep/REFACTORING.md,74,74,100,0
labs/java/modern-java-deep/01-records-deep/REFERENCES.md,76,76,100,0
labs/java/modern-java-deep/01-records-deep/SECURITY.md,78,78,100,0
labs/java/modern-java-deep/01-records-deep/STEP_BY_STEP.md,65,65,100,0
labs/java/modern-java-deep/01-records-deep/VISUAL_GUIDE.md,58,58,100,0
labs/java/modern-java-deep/01-records-deep/WHY_IT_EXISTS.md,88,88,100,0
labs/java/modern-java-deep/02-sealed-classes/ARCHITECTURE.md,73,73,100,0
labs/java/modern-java-deep/02-sealed-classes/CODE_DEEP_DIVE.md,29,29,100,0
labs/java/modern-java-deep/02-sealed-classes/COMMON_MISTAKES.md,83,83,100,0
labs/java/modern-java-deep/02-sealed-classes/DEBUGGING.md,76,76,100,0
labs/java/modern-java-deep/02-sealed-classes/FLASHCARDS.md,77,77,100,0
labs/java/modern-java-deep/02-sealed-classes/INTERNALS.md,92,92,100,0
labs/java/modern-java-deep/02-sealed-classes/PERFORMANCE.md,78,78,100,0
labs/java/modern-java-deep/02-sealed-classes/REFACTORING.md,74,74,100,0
labs/java/modern-java-deep/02-sealed-classes/REFERENCES.md,76,76,100,0
labs/java/modern-java-deep/02-sealed-classes/SECURITY.md,78,78,100,0
labs/java/modern-java-deep/02-sealed-classes/STEP_BY_STEP.md,65,65,100,0
labs/java/modern-java-deep/02-sealed-classes/VISUAL_GUIDE.md,58,58,100,0
labs/java/modern-java-deep/02-sealed-classes/WHY_IT_EXISTS.md,88,88,100,0
labs/java/modern-java-deep/03-pattern-matching/ARCHITECTURE.md,73,73,100,0
labs/java/modern-java-deep/03-pattern-matching/CODE_DEEP_DIVE.md,29,29,100,0
labs/java/modern-java-deep/03-pattern-matching/COMMON_MISTAKES.md,83,83,100,0
labs/java/modern-java-deep/03-pattern-matching/DEBUGGING.md,76,76,100,0
labs/java/modern-java-deep/03-pattern-matching/FLASHCARDS.md,77,77,100,0
labs/java/modern-java-deep/03-pattern-matching/INTERNALS.md,92,92,100,0
labs/java/modern-java-deep/03-pattern-matching/PERFORMANCE.md,78,78,100,0
labs/java/modern-java-deep/03-pattern-matching/REFACTORING.md,74,74,100,0
labs/java/modern-java-deep/03-pattern-matching/REFERENCES.md,76,76,100,0
labs/java/modern-java-deep/03-pattern-matching/SECURITY.md,78,78,100,0
labs/java/modern-java-deep/03-pattern-matching/STEP_BY_STEP.md,65,65,100,0
labs/java/modern-java-deep/03-pattern-matching/VISUAL_GUIDE.md,58,58,100,0
labs/java/modern-java-deep/03-pattern-matching/WHY_IT_EXISTS.md,88,88,100,0
labs/java/modern-java-deep/04-virtual-threads/ARCHITECTURE.md,73,73,100,0
labs/java/modern-java-deep/04-virtual-threads/CODE_DEEP_DIVE.md,29,29,100,0
labs/java/modern-java-deep/04-virtual-threads/COMMON_MISTAKES.md,83,83,100,0
labs/java/modern-java-deep/04-virtual-threads/DEBUGGING.md,76,76,100,0
labs/java/modern-java-deep/04-virtual-threads/FLASHCARDS.md,77,77,100,0
labs/java/modern-java-deep/04-virtual-threads/INTERNALS.md,92,92,100,0
labs/java/modern-java-deep/04-virtual-threads/PERFORMANCE.md,78,78,100,0
labs/java/modern-java-deep/04-virtual-threads/REFACTORING.md,74,74,100,0
labs/java/modern-java-deep/04-virtual-threads/REFERENCES.md,76,76,100,0
labs/java/modern-java-deep/04-virtual-threads/SECURITY.md,78,78,100,0
labs/java/modern-java-deep/04-virtual-threads/STEP_BY_STEP.md,65,65,100,0
labs/java/modern-java-deep/04-virtual-threads/VISUAL_GUIDE.md,58,58,100,0
labs/java/modern-java-deep/04-virtual-threads/WHY_IT_EXISTS.md,88,88,100,0
labs/java/modern-java-deep/05-structured-concurrency-2/ARCHITECTURE.md,73,73,100,0
labs/java/modern-java-deep/05-structured-concurrency-2/CODE_DEEP_DIVE.md,29,29,100,0
labs/java/modern-java-deep/05-structured-concurrency-2/COMMON_MISTAKES.md,83,83,100,0
labs/java/modern-java-deep/05-structured-concurrency-2/DEBUGGING.md,76,76,100,0
labs/java/modern-java-deep/05-structured-concurrency-2/FLASHCARDS.md,77,77,100,0
labs/java/modern-java-deep/05-structured-concurrency-2/INTERNALS.md,92,92,100,0
labs/java/modern-java-deep/05-structured-concurrency-2/PERFORMANCE.md,78,78,100,0
labs/java/modern-java-deep/05-structured-concurrency-2/REFACTORING.md,74,74,100,0
labs/java/modern-java-deep/05-structured-concurrency-2/REFERENCES.md,76,76,100,0
labs/java/modern-java-deep/05-structured-concurrency-2/SECURITY.md,78,78,100,0
labs/java/modern-java-deep/05-structured-concurrency-2/STEP_BY_STEP.md,65,65,100,0
labs/java/modern-java-deep/05-structured-concurrency-2/VISUAL_GUIDE.md,58,58,100,0
labs/java/modern-java-deep/05-structured-concurrency-2/WHY_IT_EXISTS.md,88,88,100,0
labs/java/performance-deep/01-profiling-async/ARCHITECTURE.md,73,73,100,0
labs/java/performance-deep/01-profiling-async/CODE_DEEP_DIVE.md,29,29,100,0
labs/java/performance-deep/01-profiling-async/COMMON_MISTAKES.md,83,83,100,0
labs/java/performance-deep/01-profiling-async/DEBUGGING.md,76,76,100,0
labs/java/performance-deep/01-profiling-async/INTERNALS.md,92,92,100,0
labs/java/performance-deep/01-profiling-async/PERFORMANCE.md,78,78,100,0
labs/java/performance-deep/01-profiling-async/REFACTORING.md,74,74,100,0
labs/java/performance-deep/01-profiling-async/REFERENCES.md,76,76,100,0
labs/java/performance-deep/01-profiling-async/SECURITY.md,78,78,100,0
labs/java/performance-deep/01-profiling-async/STEP_BY_STEP.md,65,65,100,0
labs/java/performance-deep/01-profiling-async/VISUAL_GUIDE.md,58,58,100,0
labs/java/performance-deep/01-profiling-async/WHY_IT_EXISTS.md,88,88,100,0
labs/java/performance-deep/02-jmh-benchmarks/ARCHITECTURE.md,73,73,100,0
labs/java/performance-deep/02-jmh-benchmarks/CODE_DEEP_DIVE.md,29,29,100,0
labs/java/performance-deep/02-jmh-benchmarks/COMMON_MISTAKES.md,83,83,100,0
labs/java/performance-deep/02-jmh-benchmarks/DEBUGGING.md,76,76,100,0
labs/java/performance-deep/02-jmh-benchmarks/FLASHCARDS.md,77,77,100,0
labs/java/performance-deep/02-jmh-benchmarks/INTERNALS.md,92,92,100,0
labs/java/performance-deep/02-jmh-benchmarks/PERFORMANCE.md,78,78,100,0
labs/java/performance-deep/02-jmh-benchmarks/REFACTORING.md,74,74,100,0
labs/java/performance-deep/02-jmh-benchmarks/REFERENCES.md,76,76,100,0
labs/java/performance-deep/02-jmh-benchmarks/SECURITY.md,78,78,100,0
labs/java/performance-deep/02-jmh-benchmarks/STEP_BY_STEP.md,65,65,100,0
labs/java/performance-deep/02-jmh-benchmarks/VISUAL_GUIDE.md,58,58,100,0
labs/java/performance-deep/02-jmh-benchmarks/WHY_IT_EXISTS.md,88,88,100,0
labs/java/performance-deep/03-jfr-streaming/ARCHITECTURE.md,73,73,100,0
labs/java/performance-deep/03-jfr-streaming/CODE_DEEP_DIVE.md,29,29,100,0
labs/java/performance-deep/03-jfr-streaming/COMMON_MISTAKES.md,83,83,100,0
labs/java/performance-deep/03-jfr-streaming/DEBUGGING.md,76,76,100,0
labs/java/performance-deep/03-jfr-streaming/FLASHCARDS.md,77,77,100,0
labs/java/performance-deep/03-jfr-streaming/INTERNALS.md,92,92,100,0
labs/java/performance-deep/03-jfr-streaming/PERFORMANCE.md,78,78,100,0
labs/java/performance-deep/03-jfr-streaming/REFACTORING.md,74,74,100,0
labs/java/performance-deep/03-jfr-streaming/REFERENCES.md,76,76,100,0
labs/java/performance-deep/03-jfr-streaming/SECURITY.md,78,78,100,0
labs/java/performance-deep/03-jfr-streaming/STEP_BY_STEP.md,65,65,100,0
labs/java/performance-deep/03-jfr-streaming/VISUAL_GUIDE.md,58,58,100,0
labs/java/performance-deep/03-jfr-streaming/WHY_IT_EXISTS.md,88,88,100,0
labs/java/performance-deep/04-memory-leaks/ARCHITECTURE.md,73,73,100,0
labs/java/performance-deep/04-memory-leaks/CODE_DEEP_DIVE.md,29,29,100,0
labs/java/performance-deep/04-memory-leaks/COMMON_MISTAKES.md,83,83,100,0
labs/java/performance-deep/04-memory-leaks/DEBUGGING.md,76,76,100,0
labs/java/performance-deep/04-memory-leaks/FLASHCARDS.md,77,77,100,0
labs/java/performance-deep/04-memory-leaks/INTERNALS.md,92,92,100,0
labs/java/performance-deep/04-memory-leaks/PERFORMANCE.md,78,78,100,0
labs/java/performance-deep/04-memory-leaks/REFACTORING.md,74,74,100,0
labs/java/performance-deep/04-memory-leaks/REFERENCES.md,76,76,100,0
labs/java/performance-deep/04-memory-leaks/SECURITY.md,78,78,100,0
labs/java/performance-deep/04-memory-leaks/STEP_BY_STEP.md,65,65,100,0
labs/java/performance-deep/04-memory-leaks/VISUAL_GUIDE.md,58,58,100,0
labs/java/performance-deep/04-memory-leaks/WHY_IT_EXISTS.md,88,88,100,0
labs/java/performance-deep/05-gc-log-analysis/ARCHITECTURE.md,73,73,100,0
labs/java/performance-deep/05-gc-log-analysis/CODE_DEEP_DIVE.md,29,29,100,0
labs/java/performance-deep/05-gc-log-analysis/COMMON_MISTAKES.md,83,83,100,0
labs/java/performance-deep/05-gc-log-analysis/DEBUGGING.md,76,76,100,0
labs/java/performance-deep/05-gc-log-analysis/FLASHCARDS.md,77,77,100,0
labs/java/performance-deep/05-gc-log-analysis/INTERNALS.md,92,92,100,0
labs/java/performance-deep/05-gc-log-analysis/PERFORMANCE.md,78,78,100,0
labs/java/performance-deep/05-gc-log-analysis/REFACTORING.md,74,74,100,0
labs/java/performance-deep/05-gc-log-analysis/REFERENCES.md,76,76,100,0
labs/java/performance-deep/05-gc-log-analysis/SECURITY.md,78,78,100,0
labs/java/performance-deep/05-gc-log-analysis/STEP_BY_STEP.md,65,65,100,0
labs/java/performance-deep/05-gc-log-analysis/VISUAL_GUIDE.md,58,58,100,0
labs/java/performance-deep/05-gc-log-analysis/WHY_IT_EXISTS.md,88,88,100,0
labs/math/discrete-deep/02-set-theory/HISTORY.md,6,6,100,0
labs/math/discrete-deep/03-combinatorics/COMMON_MISTAKES.md,10,10,100,0
labs/math/discrete-deep/03-combinatorics/DEBUGGING.md,8,8,100,0
labs/math/discrete-deep/03-combinatorics/HISTORY.md,6,6,100,0
labs/math/discrete-deep/03-combinatorics/INTERNALS.md,8,8,100,0
labs/math/discrete-deep/03-combinatorics/MENTAL_MODELS.md,9,9,100,0
labs/math/discrete-deep/03-combinatorics/PERFORMANCE.md,15,15,100,0
labs/math/discrete-deep/03-combinatorics/SECURITY.md,14,14,100,0
labs/math/discrete-deep/03-combinatorics/STEP_BY_STEP.md,8,8,100,0
labs/math/discrete-deep/04-graph-theory/HISTORY.md,6,6,100,0
labs/math/discrete-deep/05-generating-functions/HISTORY.md,6,6,100,0
labs/math/discrete-deep/06-number-theory/HISTORY.md,6,6,100,0
labs/math/linear-algebra-deep/01-vector-spaces/HISTORY.md,6,6,100,0
labs/math/linear-algebra-deep/02-linear-transformations/HISTORY.md,6,6,100,0
labs/math/linear-algebra-deep/03-matrix-decompositions/HISTORY.md,6,6,100,0
labs/math/linear-algebra-deep/04-eigenvalues-advanced/HISTORY.md,6,6,100,0
labs/math/linear-algebra-deep/08-matrix-calculus/HISTORY.md,6,6,100,0
labs/math/probability-deep/01-probability-axioms/HISTORY.md,6,6,100,0
labs/math/probability-deep/02-random-variables/HISTORY.md,6,6,100,0
labs/math/probability-deep/03-distributions/HISTORY.md,6,6,100,0
labs/math/probability-deep/04-multivariate-statistics/HISTORY.md,6,6,100,0
labs/math/probability-deep/06-estimation-theory/HISTORY.md,6,6,100,0
labs/math/probability-deep/07-hypothesis-testing/HISTORY.md,6,6,100,0
labs/math/probability-deep/08-bayesian-statistics/HISTORY.md,6,6,100,0
labs/java/collections-deep/01-hashmap-internals/EXERCISES.md,74,73,99,0
labs/java/collections-deep/01-hashmap-internals/HISTORY.md,94,93,99,0
labs/java/collections-deep/01-hashmap-internals/HOW_IT_WORKS.md,99,98,99,0
labs/java/collections-deep/01-hashmap-internals/MATH_FOUNDATION.md,102,101,99,0
labs/java/collections-deep/01-hashmap-internals/MENTAL_MODELS.md,75,74,99,0
labs/java/collections-deep/01-hashmap-internals/WHY_IT_MATTERS.md,91,90,99,0
labs/java/collections-deep/02-concurrent-hashmap/EXERCISES.md,74,73,99,0
labs/java/collections-deep/02-concurrent-hashmap/HISTORY.md,94,93,99,0
labs/java/collections-deep/02-concurrent-hashmap/HOW_IT_WORKS.md,99,98,99,0
labs/java/collections-deep/02-concurrent-hashmap/MATH_FOUNDATION.md,102,101,99,0
labs/java/collections-deep/02-concurrent-hashmap/MENTAL_MODELS.md,75,74,99,0
labs/java/collections-deep/02-concurrent-hashmap/WHY_IT_MATTERS.md,91,90,99,0
labs/java/collections-deep/03-linked-list-deep/EXERCISES.md,74,73,99,0
labs/java/collections-deep/03-linked-list-deep/HISTORY.md,94,93,99,0
labs/java/collections-deep/03-linked-list-deep/HOW_IT_WORKS.md,99,98,99,0
labs/java/collections-deep/03-linked-list-deep/MATH_FOUNDATION.md,102,101,99,0
labs/java/collections-deep/03-linked-list-deep/MENTAL_MODELS.md,75,74,99,0
labs/java/collections-deep/03-linked-list-deep/WHY_IT_MATTERS.md,91,90,99,0
labs/java/collections-deep/04-arraylist-deep/EXERCISES.md,74,73,99,0
labs/java/collections-deep/04-arraylist-deep/HISTORY.md,94,93,99,0
labs/java/collections-deep/04-arraylist-deep/HOW_IT_WORKS.md,99,98,99,0
labs/java/collections-deep/04-arraylist-deep/MATH_FOUNDATION.md,102,101,99,0
labs/java/collections-deep/04-arraylist-deep/MENTAL_MODELS.md,75,74,99,0
labs/java/collections-deep/04-arraylist-deep/WHY_IT_MATTERS.md,91,90,99,0
labs/java/collections-deep/05-treemap-treeset/EXERCISES.md,74,73,99,0
labs/java/collections-deep/05-treemap-treeset/HISTORY.md,94,93,99,0
labs/java/collections-deep/05-treemap-treeset/HOW_IT_WORKS.md,99,98,99,0
labs/java/collections-deep/05-treemap-treeset/MATH_FOUNDATION.md,102,101,99,0
labs/java/collections-deep/05-treemap-treeset/MENTAL_MODELS.md,75,74,99,0
labs/java/collections-deep/05-treemap-treeset/WHY_IT_MATTERS.md,91,90,99,0
labs/java/collections-deep/06-priority-queue/EXERCISES.md,74,73,99,0
labs/java/collections-deep/06-priority-queue/HISTORY.md,94,93,99,0
labs/java/collections-deep/06-priority-queue/HOW_IT_WORKS.md,99,98,99,0
labs/java/collections-deep/06-priority-queue/MATH_FOUNDATION.md,102,101,99,0
labs/java/collections-deep/06-priority-queue/MENTAL_MODELS.md,75,74,99,0
labs/java/collections-deep/06-priority-queue/WHY_IT_MATTERS.md,91,90,99,0
labs/java/collections-deep/07-hashmap-design-build/EXERCISES.md,74,73,99,0
labs/java/collections-deep/07-hashmap-design-build/HISTORY.md,94,93,99,0
labs/java/collections-deep/07-hashmap-design-build/HOW_IT_WORKS.md,99,98,99,0
labs/java/collections-deep/07-hashmap-design-build/MATH_FOUNDATION.md,102,101,99,0
labs/java/collections-deep/07-hashmap-design-build/MENTAL_MODELS.md,75,74,99,0
labs/java/collections-deep/07-hashmap-design-build/WHY_IT_MATTERS.md,91,90,99,0
labs/java/collections-deep/08-concurrent-linked-queue/EXERCISES.md,74,73,99,0
labs/java/collections-deep/08-concurrent-linked-queue/HISTORY.md,94,93,99,0
labs/java/collections-deep/08-concurrent-linked-queue/HOW_IT_WORKS.md,99,98,99,0
labs/java/collections-deep/08-concurrent-linked-queue/MATH_FOUNDATION.md,102,101,99,0
labs/java/collections-deep/08-concurrent-linked-queue/MENTAL_MODELS.md,75,74,99,0
labs/java/collections-deep/08-concurrent-linked-queue/WHY_IT_MATTERS.md,91,90,99,0
labs/java/collections-deep/09-copyonwrite-arraylist/EXERCISES.md,74,73,99,0
labs/java/collections-deep/09-copyonwrite-arraylist/HISTORY.md,94,93,99,0
labs/java/collections-deep/09-copyonwrite-arraylist/HOW_IT_WORKS.md,99,98,99,0
labs/java/collections-deep/09-copyonwrite-arraylist/MATH_FOUNDATION.md,102,101,99,0
labs/java/collections-deep/09-copyonwrite-arraylist/MENTAL_MODELS.md,75,74,99,0
labs/java/collections-deep/09-copyonwrite-arraylist/WHY_IT_MATTERS.md,91,90,99,0
labs/java/collections-deep/10-bloom-filter/EXERCISES.md,74,73,99,0
labs/java/collections-deep/10-bloom-filter/HISTORY.md,94,93,99,0
labs/java/collections-deep/10-bloom-filter/HOW_IT_WORKS.md,99,98,99,0
labs/java/collections-deep/10-bloom-filter/MATH_FOUNDATION.md,102,101,99,0
labs/java/collections-deep/10-bloom-filter/MENTAL_MODELS.md,75,74,99,0
labs/java/collections-deep/10-bloom-filter/WHY_IT_MATTERS.md,91,90,99,0
labs/java/concurrency-deep/01-thread-lifecycle/EXERCISES.md,74,73,99,0
labs/java/concurrency-deep/01-thread-lifecycle/HISTORY.md,94,93,99,0
labs/java/concurrency-deep/01-thread-lifecycle/HOW_IT_WORKS.md,99,98,99,0
labs/java/concurrency-deep/01-thread-lifecycle/MATH_FOUNDATION.md,102,101,99,0
labs/java/concurrency-deep/01-thread-lifecycle/MENTAL_MODELS.md,75,74,99,0
labs/java/concurrency-deep/01-thread-lifecycle/WHY_IT_MATTERS.md,91,90,99,0
labs/java/concurrency-deep/02-synchronized-internals/EXERCISES.md,74,73,99,0
labs/java/concurrency-deep/02-synchronized-internals/HISTORY.md,94,93,99,0
labs/java/concurrency-deep/02-synchronized-internals/HOW_IT_WORKS.md,99,98,99,0
labs/java/concurrency-deep/02-synchronized-internals/MATH_FOUNDATION.md,102,101,99,0
labs/java/concurrency-deep/02-synchronized-internals/MENTAL_MODELS.md,75,74,99,0
labs/java/concurrency-deep/02-synchronized-internals/WHY_IT_MATTERS.md,91,90,99,0
labs/java/concurrency-deep/03-volatile-semantics/EXERCISES.md,74,73,99,0
labs/java/concurrency-deep/03-volatile-semantics/HISTORY.md,94,93,99,0
labs/java/concurrency-deep/03-volatile-semantics/HOW_IT_WORKS.md,99,98,99,0
labs/java/concurrency-deep/03-volatile-semantics/MATH_FOUNDATION.md,102,101,99,0
labs/java/concurrency-deep/03-volatile-semantics/MENTAL_MODELS.md,75,74,99,0
labs/java/concurrency-deep/03-volatile-semantics/WHY_IT_MATTERS.md,91,90,99,0
labs/java/concurrency-deep/04-atomic-classes/EXERCISES.md,74,73,99,0
labs/java/concurrency-deep/04-atomic-classes/HISTORY.md,94,93,99,0
labs/java/concurrency-deep/04-atomic-classes/HOW_IT_WORKS.md,99,98,99,0
labs/java/concurrency-deep/04-atomic-classes/MATH_FOUNDATION.md,102,101,99,0
labs/java/concurrency-deep/04-atomic-classes/MENTAL_MODELS.md,75,74,99,0
labs/java/concurrency-deep/04-atomic-classes/WHY_IT_MATTERS.md,91,90,99,0
labs/java/concurrency-deep/05-lock-framework/EXERCISES.md,74,73,99,0
labs/java/concurrency-deep/05-lock-framework/HISTORY.md,94,93,99,0
labs/java/concurrency-deep/05-lock-framework/HOW_IT_WORKS.md,99,98,99,0
labs/java/concurrency-deep/05-lock-framework/MATH_FOUNDATION.md,102,101,99,0
labs/java/concurrency-deep/05-lock-framework/MENTAL_MODELS.md,75,74,99,0
labs/java/concurrency-deep/05-lock-framework/WHY_IT_MATTERS.md,91,90,99,0
labs/java/concurrency-deep/06-completable-future/EXERCISES.md,74,73,99,0
labs/java/concurrency-deep/06-completable-future/HISTORY.md,94,93,99,0
labs/java/concurrency-deep/06-completable-future/HOW_IT_WORKS.md,99,98,99,0
labs/java/concurrency-deep/06-completable-future/MATH_FOUNDATION.md,102,101,99,0
labs/java/concurrency-deep/06-completable-future/MENTAL_MODELS.md,75,74,99,0
labs/java/concurrency-deep/06-completable-future/WHY_IT_MATTERS.md,91,90,99,0
labs/java/concurrency-deep/07-fork-join-pool/EXERCISES.md,74,73,99,0
labs/java/concurrency-deep/07-fork-join-pool/HISTORY.md,94,93,99,0
labs/java/concurrency-deep/07-fork-join-pool/HOW_IT_WORKS.md,99,98,99,0
labs/java/concurrency-deep/07-fork-join-pool/MATH_FOUNDATION.md,102,101,99,0
labs/java/concurrency-deep/07-fork-join-pool/MENTAL_MODELS.md,75,74,99,0
labs/java/concurrency-deep/07-fork-join-pool/WHY_IT_MATTERS.md,91,90,99,0
labs/java/concurrency-deep/08-stamped-lock/EXERCISES.md,74,73,99,0
labs/java/concurrency-deep/08-stamped-lock/HISTORY.md,94,93,99,0
labs/java/concurrency-deep/08-stamped-lock/HOW_IT_WORKS.md,99,98,99,0
labs/java/concurrency-deep/08-stamped-lock/MATH_FOUNDATION.md,102,101,99,0
labs/java/concurrency-deep/08-stamped-lock/MENTAL_MODELS.md,75,74,99,0
labs/java/concurrency-deep/08-stamped-lock/WHY_IT_MATTERS.md,91,90,99,0
labs/java/concurrency-deep/09-phaser/EXERCISES.md,74,73,99,0
labs/java/concurrency-deep/09-phaser/HISTORY.md,94,93,99,0
labs/java/concurrency-deep/09-phaser/HOW_IT_WORKS.md,99,98,99,0
labs/java/concurrency-deep/09-phaser/MATH_FOUNDATION.md,102,101,99,0
labs/java/concurrency-deep/09-phaser/MENTAL_MODELS.md,75,74,99,0
labs/java/concurrency-deep/09-phaser/WHY_IT_MATTERS.md,91,90,99,0
labs/java/concurrency-deep/10-structured-concurrency/EXERCISES.md,74,73,99,0
labs/java/concurrency-deep/10-structured-concurrency/HISTORY.md,94,93,99,0
labs/java/concurrency-deep/10-structured-concurrency/HOW_IT_WORKS.md,99,98,99,0
labs/java/concurrency-deep/10-structured-concurrency/MATH_FOUNDATION.md,102,101,99,0
labs/java/concurrency-deep/10-structured-concurrency/MENTAL_MODELS.md,75,74,99,0
labs/java/concurrency-deep/10-structured-concurrency/WHY_IT_MATTERS.md,91,90,99,0
labs/java/jvm-deep/01-class-file-format/EXERCISES.md,74,73,99,0
labs/java/jvm-deep/01-class-file-format/HISTORY.md,94,93,99,0
labs/java/jvm-deep/01-class-file-format/HOW_IT_WORKS.md,99,98,99,0
labs/java/jvm-deep/01-class-file-format/MATH_FOUNDATION.md,102,101,99,0
labs/java/jvm-deep/01-class-file-format/MENTAL_MODELS.md,75,74,99,0
labs/java/jvm-deep/01-class-file-format/WHY_IT_MATTERS.md,91,90,99,0
labs/java/jvm-deep/02-class-loading/EXERCISES.md,74,73,99,0
labs/java/jvm-deep/02-class-loading/HISTORY.md,94,93,99,0
labs/java/jvm-deep/02-class-loading/HOW_IT_WORKS.md,99,98,99,0
labs/java/jvm-deep/02-class-loading/MATH_FOUNDATION.md,102,101,99,0
labs/java/jvm-deep/02-class-loading/MENTAL_MODELS.md,75,74,99,0
labs/java/jvm-deep/02-class-loading/WHY_IT_MATTERS.md,91,90,99,0
labs/java/jvm-deep/03-bytecode-introduction/HISTORY.md,94,93,99,0
labs/java/jvm-deep/03-bytecode-introduction/HOW_IT_WORKS.md,99,98,99,0
labs/java/jvm-deep/03-bytecode-introduction/MENTAL_MODELS.md,75,74,99,0
labs/java/jvm-deep/03-bytecode-introduction/WHY_IT_MATTERS.md,91,90,99,0
labs/java/jvm-deep/04-asm-bytecode/HISTORY.md,94,93,99,0
labs/java/jvm-deep/04-asm-bytecode/HOW_IT_WORKS.md,99,98,99,0
labs/java/jvm-deep/04-asm-bytecode/MENTAL_MODELS.md,75,74,99,0
labs/java/jvm-deep/04-asm-bytecode/WHY_IT_MATTERS.md,91,90,99,0
labs/java/jvm-deep/05-method-handles/HISTORY.md,94,93,99,0
labs/java/jvm-deep/05-method-handles/HOW_IT_WORKS.md,99,98,99,0
labs/java/jvm-deep/05-method-handles/MENTAL_MODELS.md,75,74,99,0
labs/java/jvm-deep/05-method-handles/WHY_IT_MATTERS.md,91,90,99,0
labs/java/jvm-deep/06-jit-compilation/HISTORY.md,94,93,99,0
labs/java/jvm-deep/06-jit-compilation/HOW_IT_WORKS.md,99,98,99,0
labs/java/jvm-deep/06-jit-compilation/MENTAL_MODELS.md,75,74,99,0
labs/java/jvm-deep/06-jit-compilation/WHY_IT_MATTERS.md,91,90,99,0
labs/java/jvm-deep/07-gc-1-g1/HISTORY.md,94,93,99,0
labs/java/jvm-deep/07-gc-1-g1/HOW_IT_WORKS.md,99,98,99,0
labs/java/jvm-deep/07-gc-1-g1/MENTAL_MODELS.md,75,74,99,0
labs/java/jvm-deep/07-gc-1-g1/WHY_IT_MATTERS.md,91,90,99,0
labs/java/jvm-deep/08-gc-2-zgc/EXERCISES.md,74,73,99,0
labs/java/jvm-deep/08-gc-2-zgc/HISTORY.md,94,93,99,0
labs/java/jvm-deep/08-gc-2-zgc/HOW_IT_WORKS.md,99,98,99,0
labs/java/jvm-deep/08-gc-2-zgc/MATH_FOUNDATION.md,102,101,99,0
labs/java/jvm-deep/08-gc-2-zgc/MENTAL_MODELS.md,75,74,99,0
labs/java/jvm-deep/08-gc-2-zgc/WHY_IT_MATTERS.md,91,90,99,0
labs/java/jvm-deep/09-gc-3-shenandoah/EXERCISES.md,74,73,99,0
labs/java/jvm-deep/09-gc-3-shenandoah/HISTORY.md,94,93,99,0
labs/java/jvm-deep/09-gc-3-shenandoah/HOW_IT_WORKS.md,99,98,99,0
labs/java/jvm-deep/09-gc-3-shenandoah/MATH_FOUNDATION.md,102,101,99,0
labs/java/jvm-deep/09-gc-3-shenandoah/MENTAL_MODELS.md,75,74,99,0
labs/java/jvm-deep/09-gc-3-shenandoah/WHY_IT_MATTERS.md,91,90,99,0
labs/java/jvm-deep/10-jvm-tuning/EXERCISES.md,74,73,99,0
labs/java/jvm-deep/10-jvm-tuning/HISTORY.md,94,93,99,0
labs/java/jvm-deep/10-jvm-tuning/HOW_IT_WORKS.md,99,98,99,0
labs/java/jvm-deep/10-jvm-tuning/MATH_FOUNDATION.md,102,101,99,0
labs/java/jvm-deep/10-jvm-tuning/MENTAL_MODELS.md,75,74,99,0
labs/java/jvm-deep/10-jvm-tuning/WHY_IT_MATTERS.md,91,90,99,0
labs/java/memory-deep/01-jmm-foundations/EXERCISES.md,74,73,99,0
labs/java/memory-deep/01-jmm-foundations/HISTORY.md,94,93,99,0
labs/java/memory-deep/01-jmm-foundations/HOW_IT_WORKS.md,99,98,99,0
labs/java/memory-deep/01-jmm-foundations/MATH_FOUNDATION.md,102,101,99,0
labs/java/memory-deep/01-jmm-foundations/MENTAL_MODELS.md,75,74,99,0
labs/java/memory-deep/01-jmm-foundations/WHY_IT_MATTERS.md,91,90,99,0
labs/java/memory-deep/02-reordering/EXERCISES.md,74,73,99,0
labs/java/memory-deep/02-reordering/HISTORY.md,94,93,99,0
labs/java/memory-deep/02-reordering/HOW_IT_WORKS.md,99,98,99,0
labs/java/memory-deep/02-reordering/MATH_FOUNDATION.md,102,101,99,0
labs/java/memory-deep/02-reordering/MENTAL_MODELS.md,75,74,99,0
labs/java/memory-deep/02-reordering/WHY_IT_MATTERS.md,91,90,99,0
labs/java/memory-deep/03-memory-barriers/EXERCISES.md,74,73,99,0
labs/java/memory-deep/03-memory-barriers/HISTORY.md,94,93,99,0
labs/java/memory-deep/03-memory-barriers/HOW_IT_WORKS.md,99,98,99,0
labs/java/memory-deep/03-memory-barriers/MATH_FOUNDATION.md,102,101,99,0
labs/java/memory-deep/03-memory-barriers/MENTAL_MODELS.md,75,74,99,0
labs/java/memory-deep/03-memory-barriers/WHY_IT_MATTERS.md,91,90,99,0
labs/java/memory-deep/04-final-semantics/EXERCISES.md,74,73,99,0
labs/java/memory-deep/04-final-semantics/HISTORY.md,94,93,99,0
labs/java/memory-deep/04-final-semantics/HOW_IT_WORKS.md,99,98,99,0
labs/java/memory-deep/04-final-semantics/MATH_FOUNDATION.md,102,101,99,0
labs/java/memory-deep/04-final-semantics/MENTAL_MODELS.md,75,74,99,0
labs/java/memory-deep/04-final-semantics/WHY_IT_MATTERS.md,91,90,99,0
labs/java/memory-deep/05-dcl-pattern/EXERCISES.md,74,73,99,0
labs/java/memory-deep/05-dcl-pattern/HISTORY.md,94,93,99,0
labs/java/memory-deep/05-dcl-pattern/HOW_IT_WORKS.md,99,98,99,0
labs/java/memory-deep/05-dcl-pattern/MATH_FOUNDATION.md,102,101,99,0
labs/java/memory-deep/05-dcl-pattern/MENTAL_MODELS.md,75,74,99,0
labs/java/memory-deep/05-dcl-pattern/WHY_IT_MATTERS.md,91,90,99,0
labs/java/modern-java-deep/01-records-deep/EXERCISES.md,74,73,99,0
labs/java/modern-java-deep/01-records-deep/HISTORY.md,94,93,99,0
labs/java/modern-java-deep/01-records-deep/HOW_IT_WORKS.md,99,98,99,0
labs/java/modern-java-deep/01-records-deep/MATH_FOUNDATION.md,102,101,99,0
labs/java/modern-java-deep/01-records-deep/MENTAL_MODELS.md,75,74,99,0
labs/java/modern-java-deep/01-records-deep/WHY_IT_MATTERS.md,91,90,99,0
labs/java/modern-java-deep/02-sealed-classes/EXERCISES.md,74,73,99,0
labs/java/modern-java-deep/02-sealed-classes/HISTORY.md,94,93,99,0
labs/java/modern-java-deep/02-sealed-classes/HOW_IT_WORKS.md,99,98,99,0
labs/java/modern-java-deep/02-sealed-classes/MATH_FOUNDATION.md,102,101,99,0
labs/java/modern-java-deep/02-sealed-classes/MENTAL_MODELS.md,75,74,99,0
labs/java/modern-java-deep/02-sealed-classes/WHY_IT_MATTERS.md,91,90,99,0
labs/java/modern-java-deep/03-pattern-matching/EXERCISES.md,74,73,99,0
labs/java/modern-java-deep/03-pattern-matching/HISTORY.md,94,93,99,0
labs/java/modern-java-deep/03-pattern-matching/HOW_IT_WORKS.md,99,98,99,0
labs/java/modern-java-deep/03-pattern-matching/MATH_FOUNDATION.md,102,101,99,0
labs/java/modern-java-deep/03-pattern-matching/MENTAL_MODELS.md,75,74,99,0
labs/java/modern-java-deep/03-pattern-matching/WHY_IT_MATTERS.md,91,90,99,0
labs/java/modern-java-deep/04-virtual-threads/EXERCISES.md,74,73,99,0
labs/java/modern-java-deep/04-virtual-threads/HISTORY.md,94,93,99,0
labs/java/modern-java-deep/04-virtual-threads/HOW_IT_WORKS.md,99,98,99,0
labs/java/modern-java-deep/04-virtual-threads/MATH_FOUNDATION.md,102,101,99,0
labs/java/modern-java-deep/04-virtual-threads/MENTAL_MODELS.md,75,74,99,0
labs/java/modern-java-deep/04-virtual-threads/WHY_IT_MATTERS.md,91,90,99,0
labs/java/modern-java-deep/05-structured-concurrency-2/EXERCISES.md,74,73,99,0
labs/java/modern-java-deep/05-structured-concurrency-2/HISTORY.md,94,93,99,0
labs/java/modern-java-deep/05-structured-concurrency-2/HOW_IT_WORKS.md,99,98,99,0
labs/java/modern-java-deep/05-structured-concurrency-2/MATH_FOUNDATION.md,102,101,99,0
labs/java/modern-java-deep/05-structured-concurrency-2/MENTAL_MODELS.md,75,74,99,0
labs/java/modern-java-deep/05-structured-concurrency-2/WHY_IT_MATTERS.md,91,90,99,0
labs/java/performance-deep/01-profiling-async/HISTORY.md,94,93,99,0
labs/java/performance-deep/01-profiling-async/HOW_IT_WORKS.md,99,98,99,0
labs/java/performance-deep/01-profiling-async/MENTAL_MODELS.md,75,74,99,0
labs/java/performance-deep/01-profiling-async/WHY_IT_MATTERS.md,91,90,99,0
labs/java/performance-deep/02-jmh-benchmarks/EXERCISES.md,74,73,99,0
labs/java/performance-deep/02-jmh-benchmarks/HISTORY.md,94,93,99,0
labs/java/performance-deep/02-jmh-benchmarks/HOW_IT_WORKS.md,99,98,99,0
labs/java/performance-deep/02-jmh-benchmarks/MATH_FOUNDATION.md,102,101,99,0
labs/java/performance-deep/02-jmh-benchmarks/MENTAL_MODELS.md,75,74,99,0
labs/java/performance-deep/02-jmh-benchmarks/WHY_IT_MATTERS.md,91,90,99,0
labs/java/performance-deep/03-jfr-streaming/EXERCISES.md,74,73,99,0
labs/java/performance-deep/03-jfr-streaming/HISTORY.md,94,93,99,0
labs/java/performance-deep/03-jfr-streaming/HOW_IT_WORKS.md,99,98,99,0
labs/java/performance-deep/03-jfr-streaming/MATH_FOUNDATION.md,102,101,99,0
labs/java/performance-deep/03-jfr-streaming/MENTAL_MODELS.md,75,74,99,0
labs/java/performance-deep/03-jfr-streaming/WHY_IT_MATTERS.md,91,90,99,0
labs/java/performance-deep/04-memory-leaks/EXERCISES.md,74,73,99,0
labs/java/performance-deep/04-memory-leaks/HISTORY.md,94,93,99,0
labs/java/performance-deep/04-memory-leaks/HOW_IT_WORKS.md,99,98,99,0
labs/java/performance-deep/04-memory-leaks/MATH_FOUNDATION.md,102,101,99,0
labs/java/performance-deep/04-memory-leaks/MENTAL_MODELS.md,75,74,99,0
labs/java/performance-deep/04-memory-leaks/WHY_IT_MATTERS.md,91,90,99,0
labs/java/performance-deep/05-gc-log-analysis/EXERCISES.md,74,73,99,0
labs/java/performance-deep/05-gc-log-analysis/HISTORY.md,94,93,99,0
labs/java/performance-deep/05-gc-log-analysis/HOW_IT_WORKS.md,99,98,99,0
labs/java/performance-deep/05-gc-log-analysis/MATH_FOUNDATION.md,102,101,99,0
labs/java/performance-deep/05-gc-log-analysis/MENTAL_MODELS.md,75,74,99,0
labs/java/performance-deep/05-gc-log-analysis/WHY_IT_MATTERS.md,91,90,99,0
labs/java/collections-deep/01-hashmap-internals/README.md,72,70,97,0
labs/java/collections-deep/01-hashmap-internals/THEORY.md,98,95,97,0
labs/java/collections-deep/02-concurrent-hashmap/README.md,72,70,97,0
labs/java/collections-deep/03-linked-list-deep/README.md,72,70,97,0
labs/java/collections-deep/03-linked-list-deep/THEORY.md,98,95,97,0
labs/java/collections-deep/04-arraylist-deep/README.md,72,70,97,0
labs/java/collections-deep/04-arraylist-deep/THEORY.md,98,95,97,0
labs/java/collections-deep/05-treemap-treeset/README.md,72,70,97,0
labs/java/collections-deep/05-treemap-treeset/THEORY.md,98,95,97,0
labs/java/collections-deep/06-priority-queue/README.md,72,70,97,0
labs/java/collections-deep/06-priority-queue/THEORY.md,98,95,97,0
labs/java/collections-deep/07-hashmap-design-build/README.md,72,70,97,0
labs/java/collections-deep/07-hashmap-design-build/THEORY.md,98,95,97,0
labs/java/collections-deep/08-concurrent-linked-queue/README.md,72,70,97,0
labs/java/collections-deep/08-concurrent-linked-queue/THEORY.md,98,95,97,0
labs/java/collections-deep/09-copyonwrite-arraylist/README.md,72,70,97,0
labs/java/collections-deep/09-copyonwrite-arraylist/THEORY.md,98,95,97,0
labs/java/collections-deep/10-bloom-filter/README.md,72,70,97,0
labs/java/collections-deep/10-bloom-filter/THEORY.md,98,95,97,0
labs/java/concurrency-deep/01-thread-lifecycle/README.md,72,70,97,0
labs/java/concurrency-deep/01-thread-lifecycle/THEORY.md,98,95,97,0
labs/java/concurrency-deep/02-synchronized-internals/README.md,72,70,97,0
labs/java/concurrency-deep/02-synchronized-internals/THEORY.md,98,95,97,0
labs/java/concurrency-deep/03-volatile-semantics/README.md,72,70,97,0
labs/java/concurrency-deep/03-volatile-semantics/THEORY.md,98,95,97,0
labs/java/concurrency-deep/04-atomic-classes/README.md,72,70,97,0
labs/java/concurrency-deep/04-atomic-classes/THEORY.md,98,95,97,0
labs/java/concurrency-deep/05-lock-framework/README.md,72,70,97,0
labs/java/concurrency-deep/05-lock-framework/THEORY.md,98,95,97,0
labs/java/concurrency-deep/06-completable-future/README.md,72,70,97,0
labs/java/concurrency-deep/06-completable-future/THEORY.md,98,95,97,0
labs/java/concurrency-deep/07-fork-join-pool/README.md,72,70,97,0
labs/java/concurrency-deep/07-fork-join-pool/THEORY.md,98,95,97,0
labs/java/concurrency-deep/08-stamped-lock/README.md,72,70,97,0
labs/java/concurrency-deep/08-stamped-lock/THEORY.md,98,95,97,0
labs/java/concurrency-deep/09-phaser/README.md,72,70,97,0
labs/java/concurrency-deep/09-phaser/THEORY.md,98,95,97,0
labs/java/concurrency-deep/10-structured-concurrency/README.md,72,70,97,0
labs/java/jvm-deep/01-class-file-format/README.md,72,70,97,0
labs/java/jvm-deep/01-class-file-format/THEORY.md,98,95,97,0
labs/java/jvm-deep/02-class-loading/README.md,72,70,97,0
labs/java/jvm-deep/02-class-loading/THEORY.md,98,95,97,0
labs/java/jvm-deep/03-bytecode-introduction/README.md,72,70,97,0
labs/java/jvm-deep/04-asm-bytecode/README.md,72,70,97,0
labs/java/jvm-deep/05-method-handles/README.md,72,70,97,0
labs/java/jvm-deep/06-jit-compilation/README.md,72,70,97,0
labs/java/jvm-deep/07-gc-1-g1/README.md,72,70,97,0
labs/java/jvm-deep/07-gc-1-g1/THEORY.md,98,95,97,0
labs/java/jvm-deep/08-gc-2-zgc/README.md,72,70,97,0
labs/java/jvm-deep/08-gc-2-zgc/THEORY.md,98,95,97,0
labs/java/jvm-deep/09-gc-3-shenandoah/README.md,72,70,97,0
labs/java/jvm-deep/09-gc-3-shenandoah/THEORY.md,98,95,97,0
labs/java/jvm-deep/10-jvm-tuning/README.md,72,70,97,0
labs/java/jvm-deep/10-jvm-tuning/THEORY.md,98,95,97,0
labs/java/memory-deep/01-jmm-foundations/README.md,72,70,97,0
labs/java/memory-deep/01-jmm-foundations/THEORY.md,98,95,97,0
labs/java/memory-deep/02-reordering/README.md,72,70,97,0
labs/java/memory-deep/02-reordering/THEORY.md,98,95,97,0
labs/java/memory-deep/03-memory-barriers/README.md,72,70,97,0
labs/java/memory-deep/03-memory-barriers/THEORY.md,98,95,97,0
labs/java/memory-deep/04-final-semantics/README.md,72,70,97,0
labs/java/memory-deep/04-final-semantics/THEORY.md,98,95,97,0
labs/java/memory-deep/05-dcl-pattern/README.md,72,70,97,0
labs/java/memory-deep/05-dcl-pattern/THEORY.md,98,95,97,0
labs/java/modern-java-deep/01-records-deep/README.md,72,70,97,0
labs/java/modern-java-deep/01-records-deep/THEORY.md,98,95,97,0
labs/java/modern-java-deep/02-sealed-classes/README.md,72,70,97,0
labs/java/modern-java-deep/02-sealed-classes/THEORY.md,98,95,97,0
labs/java/modern-java-deep/03-pattern-matching/README.md,72,70,97,0
labs/java/modern-java-deep/03-pattern-matching/THEORY.md,98,95,97,0
labs/java/modern-java-deep/04-virtual-threads/README.md,72,70,97,0
labs/java/modern-java-deep/04-virtual-threads/THEORY.md,98,95,97,0
labs/java/modern-java-deep/05-structured-concurrency-2/README.md,72,70,97,0
labs/java/modern-java-deep/05-structured-concurrency-2/THEORY.md,98,95,97,0
labs/java/performance-deep/01-profiling-async/README.md,72,70,97,0
labs/java/performance-deep/02-jmh-benchmarks/README.md,72,70,97,0
labs/java/performance-deep/03-jfr-streaming/README.md,72,70,97,0
labs/java/performance-deep/03-jfr-streaming/THEORY.md,98,95,97,0
labs/java/performance-deep/04-memory-leaks/README.md,72,70,97,0
labs/java/performance-deep/04-memory-leaks/THEORY.md,98,95,97,0
labs/java/performance-deep/05-gc-log-analysis/README.md,72,70,97,0
labs/java/performance-deep/05-gc-log-analysis/THEORY.md,98,95,97,0
labs/data-science/01-data-wrangling/REAL_WORLD_PROJECT.md,44,42,95,0
labs/data-science/02-eda/REAL_WORLD_PROJECT.md,44,42,95,0
labs/data-science/02-visualization/REAL_WORLD_PROJECT.md,44,42,95,0
labs/data-science/03-exploratory-analysis/REAL_WORLD_PROJECT.md,44,42,95,0
labs/data-science/03-feature-engineering/REAL_WORLD_PROJECT.md,44,42,95,0
labs/data-science/04-feature-engineering/REAL_WORLD_PROJECT.md,44,42,95,0
labs/data-science/04-time-series/REAL_WORLD_PROJECT.md,44,42,95,0
labs/data-science/05-time-series/REAL_WORLD_PROJECT.md,44,42,95,0
labs/data-science/06-causal-inference/REAL_WORLD_PROJECT.md,44,42,95,0
labs/data-science/07-experimentation/REAL_WORLD_PROJECT.md,44,42,95,0
labs/data-science/08-bayesian-statistics/REAL_WORLD_PROJECT.md,44,42,95,0
labs/data-science/09-dimension-reduction/REAL_WORLD_PROJECT.md,44,42,95,0
labs/data-science/10-clustering-advanced/REAL_WORLD_PROJECT.md,44,42,95,0
labs/data-science/11-nlp-advanced/REAL_WORLD_PROJECT.md,44,42,95,0
labs/data-science/12-ensemble-methods/REAL_WORLD_PROJECT.md,44,42,95,0
labs/data-science/13-model-evaluation/REAL_WORLD_PROJECT.md,44,42,95,0
labs/data-science/14-unsupervised-learning/REAL_WORLD_PROJECT.md,44,42,95,0
labs/data-science/15-data-pipelines/REAL_WORLD_PROJECT.md,44,42,95,0
labs/data-science/analysis-deep/REAL_WORLD_PROJECT.md,44,42,95,0
labs/data-science/data-science-deep/REAL_WORLD_PROJECT.md,44,42,95,0
labs/data-science/ml-pipelines-deep/REAL_WORLD_PROJECT.md,44,42,95,0
labs/data-structures/08-tries/MOCK_INTERVIEW.md,64,61,95,0
labs/data-structures/10-bloom-filters/MOCK_INTERVIEW.md,64,61,95,0
labs/data-structures/12-segment-trees/MOCK_INTERVIEW.md,64,61,95,0
labs/data-structures/13-fenwick-tree/MOCK_INTERVIEW.md,64,61,95,0
labs/data-structures/15-lru-cache/MOCK_INTERVIEW.md,64,61,95,0
labs/data-structures/18-circular-buffers/MOCK_INTERVIEW.md,64,61,95,0
labs/data-structures/22-merkle-tree/MOCK_INTERVIEW.md,64,61,95,0
labs/data-structures/25-space-filling-curves/MOCK_INTERVIEW.md,64,61,95,0
labs/data-structures/26-hyperloglog/MOCK_INTERVIEW.md,64,61,95,0
labs/data-structures/30-cache-oblivious/MOCK_INTERVIEW.md,64,61,95,0
labs/data-structures/35-link-cut-tree/MOCK_INTERVIEW.md,64,61,95,0
labs/algorithms/12-complexity-analysis/MOCK_INTERVIEW.md,65,61,94,0
labs/algorithms/13-parallel-algorithms/MOCK_INTERVIEW.md,65,61,94,0
labs/algorithms/14-approximation-algorithms/MOCK_INTERVIEW.md,65,61,94,0
labs/algorithms/15-cryptographic-algorithms/MOCK_INTERVIEW.md,65,61,94,0
labs/algorithms/16-string-matching/MOCK_INTERVIEW.md,65,61,94,0
labs/algorithms/17-network-flow/MOCK_INTERVIEW.md,65,61,94,0
labs/algorithms/18-computational-geometry/MOCK_INTERVIEW.md,65,61,94,0
labs/algorithms/19-number-theory/MOCK_INTERVIEW.md,65,61,94,0
labs/algorithms/23-load-balancing/MOCK_INTERVIEW.md,65,61,94,0
labs/algorithms/24-scheduling-algorithms/MOCK_INTERVIEW.md,65,61,94,0
labs/algorithms/25-optimization-algorithms/MOCK_INTERVIEW.md,65,61,94,0
labs/algorithms/30-linear-programming/MOCK_INTERVIEW.md,65,61,94,0
labs/algorithms/31-online-algorithms/MOCK_INTERVIEW.md,65,61,94,0
labs/algorithms/33-matrix-algorithms/MOCK_INTERVIEW.md,65,61,94,0
labs/data-science/analysis-deep/01-data-wrangling/MATH_FOUNDATION.md,35,33,94,0
labs/data-science/analysis-deep/01-data-wrangling/PERFORMANCE.md,16,15,94,0
labs/data-science/analysis-deep/02-visualization-fundamentals/MATH_FOUNDATION.md,35,33,94,0
labs/data-science/analysis-deep/02-visualization-fundamentals/PERFORMANCE.md,16,15,94,0
labs/data-science/analysis-deep/03-descriptive-statistics/MATH_FOUNDATION.md,35,33,94,0
labs/data-science/analysis-deep/03-descriptive-statistics/PERFORMANCE.md,16,15,94,0
labs/data-science/analysis-deep/04-exploratory-analysis/MATH_FOUNDATION.md,35,33,94,0
labs/data-science/analysis-deep/04-exploratory-analysis/PERFORMANCE.md,16,15,94,0
labs/data-science/analysis-deep/05-feature-engineering/MATH_FOUNDATION.md,35,33,94,0
labs/data-science/analysis-deep/05-feature-engineering/PERFORMANCE.md,16,15,94,0
labs/data-science/analysis-deep/06-time-series-analysis/MATH_FOUNDATION.md,35,33,94,0
labs/data-science/analysis-deep/06-time-series-analysis/PERFORMANCE.md,16,15,94,0
labs/data-science/analysis-deep/07-causal-inference/MATH_FOUNDATION.md,35,33,94,0
labs/data-science/analysis-deep/07-causal-inference/PERFORMANCE.md,16,15,94,0
labs/data-science/analysis-deep/08-experimentation/MATH_FOUNDATION.md,35,33,94,0
labs/data-science/analysis-deep/08-experimentation/PERFORMANCE.md,16,15,94,0
labs/data-science/analysis-deep/09-anomaly-detection/MATH_FOUNDATION.md,35,33,94,0
labs/data-science/analysis-deep/09-anomaly-detection/PERFORMANCE.md,16,15,94,0
labs/data-science/analysis-deep/10-data-pipelines/MATH_FOUNDATION.md,35,33,94,0
labs/data-science/analysis-deep/10-data-pipelines/PERFORMANCE.md,16,15,94,0
labs/data-science/ml-pipelines-deep/01-feature-stores/MATH_FOUNDATION.md,35,33,94,0
labs/data-science/ml-pipelines-deep/01-feature-stores/PERFORMANCE.md,16,15,94,0
labs/data-science/ml-pipelines-deep/02-model-training-pipelines/MATH_FOUNDATION.md,35,33,94,0
labs/data-science/ml-pipelines-deep/02-model-training-pipelines/PERFORMANCE.md,16,15,94,0
labs/data-science/ml-pipelines-deep/03-model-evaluation/MATH_FOUNDATION.md,35,33,94,0
labs/data-science/ml-pipelines-deep/03-model-evaluation/PERFORMANCE.md,16,15,94,0
labs/data-science/ml-pipelines-deep/04-model-interpretability/MATH_FOUNDATION.md,35,33,94,0
labs/data-science/ml-pipelines-deep/04-model-interpretability/PERFORMANCE.md,16,15,94,0
labs/data-science/ml-pipelines-deep/05-model-serving/MATH_FOUNDATION.md,35,33,94,0
labs/data-science/ml-pipelines-deep/05-model-serving/PERFORMANCE.md,16,15,94,0
labs/data-science/ml-pipelines-deep/06-model-monitoring/MATH_FOUNDATION.md,35,33,94,0
labs/data-science/ml-pipelines-deep/06-model-monitoring/PERFORMANCE.md,16,15,94,0
labs/data-science/ml-pipelines-deep/07-mlops-orchestration/MATH_FOUNDATION.md,35,33,94,0
labs/data-science/ml-pipelines-deep/07-mlops-orchestration/PERFORMANCE.md,16,15,94,0
labs/data-science/ml-pipelines-deep/08-fraud-detection-system/MATH_FOUNDATION.md,35,33,94,0
labs/data-science/ml-pipelines-deep/08-fraud-detection-system/PERFORMANCE.md,16,15,94,0
labs/data-structures/01-arrays/MOCK_INTERVIEW.md,64,60,94,0
labs/data-structures/02-linked-lists/MOCK_INTERVIEW.md,64,60,94,0
labs/data-structures/04-trees/MOCK_INTERVIEW.md,64,60,94,0
labs/data-structures/05-graphs/MOCK_INTERVIEW.md,64,60,94,0
labs/data-structures/06-hash-tables/MOCK_INTERVIEW.md,64,60,94,0
labs/data-structures/07-heaps/MOCK_INTERVIEW.md,64,60,94,0
labs/data-structures/09-advanced-trees/MOCK_INTERVIEW.md,64,60,94,0
labs/data-structures/11-union-find/MOCK_INTERVIEW.md,64,60,94,0
labs/data-structures/14-skip-lists/MOCK_INTERVIEW.md,64,60,94,0
labs/data-structures/16-concurrent-data-structures/MOCK_INTERVIEW.md,65,61,94,0
labs/data-structures/17-spatial-data-structures/MOCK_INTERVIEW.md,65,61,94,0
labs/data-structures/19-sparse-table-rmq/MOCK_INTERVIEW.md,65,61,94,0
labs/data-structures/20-immutable-persistent/MOCK_INTERVIEW.md,65,61,94,0
labs/data-structures/23-dsu-rollbacks/MOCK_INTERVIEW.md,65,61,94,0
labs/data-structures/27-count-min-sketch/MOCK_INTERVIEW.md,64,60,94,0
labs/data-structures/33-treap/MOCK_INTERVIEW.md,64,60,94,0
labs/data-structures/34-persistent-segment-tree/MOCK_INTERVIEW.md,65,61,94,0
labs/java/concurrency-deep/10-structured-concurrency/THEORY.md,101,95,94,0
labs/math/discrete-deep/01-logic-proofs/MATH_FOUNDATION.md,35,33,94,0
labs/math/discrete-deep/02-set-theory/MATH_FOUNDATION.md,35,33,94,0
labs/math/discrete-deep/02-set-theory/PERFORMANCE.md,16,15,94,0
labs/math/discrete-deep/03-combinatorics/MATH_FOUNDATION.md,35,33,94,0
labs/math/discrete-deep/04-graph-theory/MATH_FOUNDATION.md,35,33,94,0
labs/math/discrete-deep/04-graph-theory/PERFORMANCE.md,16,15,94,0
labs/math/discrete-deep/05-generating-functions/MATH_FOUNDATION.md,35,33,94,0
labs/math/discrete-deep/05-generating-functions/PERFORMANCE.md,16,15,94,0
labs/math/discrete-deep/06-number-theory/MATH_FOUNDATION.md,35,33,94,0
labs/math/discrete-deep/06-number-theory/PERFORMANCE.md,16,15,94,0
labs/math/linear-algebra-deep/01-vector-spaces/MATH_FOUNDATION.md,35,33,94,0
labs/math/linear-algebra-deep/01-vector-spaces/PERFORMANCE.md,16,15,94,0
labs/math/linear-algebra-deep/02-linear-transformations/MATH_FOUNDATION.md,35,33,94,0
labs/math/linear-algebra-deep/02-linear-transformations/PERFORMANCE.md,16,15,94,0
labs/math/linear-algebra-deep/03-matrix-decompositions/MATH_FOUNDATION.md,35,33,94,0
labs/math/linear-algebra-deep/03-matrix-decompositions/PERFORMANCE.md,16,15,94,0
labs/math/linear-algebra-deep/04-eigenvalues-advanced/MATH_FOUNDATION.md,35,33,94,0
labs/math/linear-algebra-deep/04-eigenvalues-advanced/PERFORMANCE.md,16,15,94,0
labs/math/linear-algebra-deep/05-inner-products-norms/MATH_FOUNDATION.md,35,33,94,0
labs/math/linear-algebra-deep/05-inner-products-norms/PERFORMANCE.md,16,15,94,0
labs/math/linear-algebra-deep/06-dual-spaces-tensors/MATH_FOUNDATION.md,35,33,94,0
labs/math/linear-algebra-deep/06-dual-spaces-tensors/PERFORMANCE.md,16,15,94,0
labs/math/linear-algebra-deep/07-applied-linear-algebra/MATH_FOUNDATION.md,35,33,94,0
labs/math/linear-algebra-deep/07-applied-linear-algebra/PERFORMANCE.md,16,15,94,0
labs/math/linear-algebra-deep/08-matrix-calculus/MATH_FOUNDATION.md,35,33,94,0
labs/math/linear-algebra-deep/08-matrix-calculus/PERFORMANCE.md,16,15,94,0
labs/math/probability-deep/01-probability-axioms/MATH_FOUNDATION.md,35,33,94,0
labs/math/probability-deep/01-probability-axioms/PERFORMANCE.md,16,15,94,0
labs/math/probability-deep/02-random-variables/MATH_FOUNDATION.md,35,33,94,0
labs/math/probability-deep/02-random-variables/PERFORMANCE.md,16,15,94,0
labs/math/probability-deep/03-distributions/MATH_FOUNDATION.md,35,33,94,0
labs/math/probability-deep/03-distributions/PERFORMANCE.md,16,15,94,0
labs/math/probability-deep/04-multivariate-statistics/MATH_FOUNDATION.md,35,33,94,0
labs/math/probability-deep/04-multivariate-statistics/PERFORMANCE.md,16,15,94,0
labs/math/probability-deep/05-law-large-numbers/MATH_FOUNDATION.md,35,33,94,0
labs/math/probability-deep/05-law-large-numbers/PERFORMANCE.md,16,15,94,0
labs/math/probability-deep/06-estimation-theory/MATH_FOUNDATION.md,35,33,94,0
labs/math/probability-deep/06-estimation-theory/PERFORMANCE.md,16,15,94,0
labs/math/probability-deep/07-hypothesis-testing/MATH_FOUNDATION.md,35,33,94,0
labs/math/probability-deep/07-hypothesis-testing/PERFORMANCE.md,16,15,94,0
labs/math/probability-deep/08-bayesian-statistics/MATH_FOUNDATION.md,35,33,94,0
labs/math/probability-deep/08-bayesian-statistics/PERFORMANCE.md,16,15,94,0
labs/data-science/01-data-wrangling/MINI_PROJECT.md,30,28,93,0
labs/data-science/02-eda/MINI_PROJECT.md,30,28,93,0
labs/data-science/02-visualization/MINI_PROJECT.md,30,28,93,0
labs/data-science/03-exploratory-analysis/MINI_PROJECT.md,30,28,93,0
labs/data-science/03-feature-engineering/MINI_PROJECT.md,30,28,93,0
labs/data-science/04-feature-engineering/MINI_PROJECT.md,30,28,93,0
labs/data-science/04-time-series/MINI_PROJECT.md,30,28,93,0
labs/data-science/05-time-series/MINI_PROJECT.md,30,28,93,0
labs/data-science/06-causal-inference/MINI_PROJECT.md,30,28,93,0
labs/data-science/07-experimentation/MINI_PROJECT.md,30,28,93,0
labs/data-science/08-bayesian-statistics/MINI_PROJECT.md,30,28,93,0
labs/data-science/09-dimension-reduction/MINI_PROJECT.md,30,28,93,0
labs/data-science/10-clustering-advanced/MINI_PROJECT.md,30,28,93,0
labs/data-science/11-nlp-advanced/MINI_PROJECT.md,30,28,93,0
labs/data-science/12-ensemble-methods/MINI_PROJECT.md,30,28,93,0
labs/data-science/13-model-evaluation/MINI_PROJECT.md,30,28,93,0
labs/data-science/14-unsupervised-learning/MINI_PROJECT.md,30,28,93,0
labs/data-science/15-data-pipelines/MINI_PROJECT.md,30,28,93,0
labs/data-science/analysis-deep/01-data-wrangling/REFLECTION.md,14,13,93,0
labs/data-science/analysis-deep/01-data-wrangling/SECURITY.md,15,14,93,0
labs/data-science/analysis-deep/02-visualization-fundamentals/REFLECTION.md,14,13,93,0
labs/data-science/analysis-deep/02-visualization-fundamentals/SECURITY.md,15,14,93,0
labs/data-science/analysis-deep/03-descriptive-statistics/REFLECTION.md,14,13,93,0
labs/data-science/analysis-deep/03-descriptive-statistics/SECURITY.md,15,14,93,0
labs/data-science/analysis-deep/04-exploratory-analysis/SECURITY.md,15,14,93,0
labs/data-science/analysis-deep/05-feature-engineering/REFLECTION.md,14,13,93,0
labs/data-science/analysis-deep/05-feature-engineering/SECURITY.md,15,14,93,0
labs/data-science/analysis-deep/06-time-series-analysis/SECURITY.md,15,14,93,0
labs/data-science/analysis-deep/07-causal-inference/REFLECTION.md,14,13,93,0
labs/data-science/analysis-deep/07-causal-inference/SECURITY.md,15,14,93,0
labs/data-science/analysis-deep/08-experimentation/SECURITY.md,15,14,93,0
labs/data-science/analysis-deep/09-anomaly-detection/SECURITY.md,15,14,93,0
labs/data-science/analysis-deep/10-data-pipelines/REFLECTION.md,14,13,93,0
labs/data-science/analysis-deep/10-data-pipelines/SECURITY.md,15,14,93,0
labs/data-science/analysis-deep/MINI_PROJECT.md,30,28,93,0
labs/data-science/data-science-deep/MINI_PROJECT.md,30,28,93,0
labs/data-science/ml-pipelines-deep/01-feature-stores/REFLECTION.md,14,13,93,0
labs/data-science/ml-pipelines-deep/01-feature-stores/SECURITY.md,15,14,93,0
labs/data-science/ml-pipelines-deep/02-model-training-pipelines/SECURITY.md,15,14,93,0
labs/data-science/ml-pipelines-deep/03-model-evaluation/REFLECTION.md,14,13,93,0
labs/data-science/ml-pipelines-deep/03-model-evaluation/SECURITY.md,15,14,93,0
labs/data-science/ml-pipelines-deep/04-model-interpretability/REFLECTION.md,14,13,93,0
labs/data-science/ml-pipelines-deep/04-model-interpretability/SECURITY.md,15,14,93,0
labs/data-science/ml-pipelines-deep/05-model-serving/REFLECTION.md,14,13,93,0
labs/data-science/ml-pipelines-deep/05-model-serving/SECURITY.md,15,14,93,0
labs/data-science/ml-pipelines-deep/06-model-monitoring/REFLECTION.md,14,13,93,0
labs/data-science/ml-pipelines-deep/06-model-monitoring/SECURITY.md,15,14,93,0
labs/data-science/ml-pipelines-deep/07-mlops-orchestration/REFLECTION.md,14,13,93,0
labs/data-science/ml-pipelines-deep/07-mlops-orchestration/SECURITY.md,15,14,93,0
labs/data-science/ml-pipelines-deep/08-fraud-detection-system/SECURITY.md,15,14,93,0
labs/data-science/ml-pipelines-deep/MINI_PROJECT.md,30,28,93,0
labs/java/collections-deep/02-concurrent-hashmap/THEORY.md,102,95,93,0
labs/java/performance-deep/02-jmh-benchmarks/THEORY.md,102,95,93,0
labs/math/discrete-deep/02-set-theory/REFLECTION.md,14,13,93,0
labs/math/discrete-deep/02-set-theory/SECURITY.md,15,14,93,0
labs/math/discrete-deep/03-combinatorics/ARCHITECTURE.md,14,13,93,0
labs/math/discrete-deep/03-combinatorics/REFLECTION.md,14,13,93,0
labs/math/discrete-deep/04-graph-theory/REFLECTION.md,14,13,93,0
labs/math/discrete-deep/04-graph-theory/SECURITY.md,15,14,93,0
labs/math/discrete-deep/05-generating-functions/REFLECTION.md,14,13,93,0
labs/math/discrete-deep/05-generating-functions/SECURITY.md,15,14,93,0
labs/math/discrete-deep/06-number-theory/REFLECTION.md,14,13,93,0
labs/math/discrete-deep/06-number-theory/SECURITY.md,15,14,93,0
labs/math/linear-algebra-deep/01-vector-spaces/REFLECTION.md,14,13,93,0
labs/math/linear-algebra-deep/01-vector-spaces/SECURITY.md,15,14,93,0
labs/math/linear-algebra-deep/02-linear-transformations/REFLECTION.md,14,13,93,0
labs/math/linear-algebra-deep/02-linear-transformations/SECURITY.md,15,14,93,0
labs/math/linear-algebra-deep/03-matrix-decompositions/REFLECTION.md,14,13,93,0
labs/math/linear-algebra-deep/03-matrix-decompositions/SECURITY.md,15,14,93,0
labs/math/linear-algebra-deep/04-eigenvalues-advanced/REFLECTION.md,14,13,93,0
labs/math/linear-algebra-deep/04-eigenvalues-advanced/SECURITY.md,15,14,93,0
labs/math/linear-algebra-deep/05-inner-products-norms/SECURITY.md,15,14,93,0
labs/math/linear-algebra-deep/06-dual-spaces-tensors/SECURITY.md,15,14,93,0
labs/math/linear-algebra-deep/07-applied-linear-algebra/SECURITY.md,15,14,93,0
labs/math/linear-algebra-deep/08-matrix-calculus/REFLECTION.md,14,13,93,0
labs/math/linear-algebra-deep/08-matrix-calculus/SECURITY.md,15,14,93,0
labs/math/probability-deep/01-probability-axioms/REFLECTION.md,14,13,93,0
labs/math/probability-deep/01-probability-axioms/SECURITY.md,15,14,93,0
labs/math/probability-deep/02-random-variables/REFLECTION.md,14,13,93,0
labs/math/probability-deep/02-random-variables/SECURITY.md,15,14,93,0
labs/math/probability-deep/03-distributions/REFLECTION.md,14,13,93,0
labs/math/probability-deep/03-distributions/SECURITY.md,15,14,93,0
labs/math/probability-deep/04-multivariate-statistics/REFLECTION.md,14,13,93,0
labs/math/probability-deep/04-multivariate-statistics/SECURITY.md,15,14,93,0
labs/math/probability-deep/05-law-large-numbers/SECURITY.md,15,14,93,0
labs/math/probability-deep/06-estimation-theory/REFLECTION.md,14,13,93,0
labs/math/probability-deep/06-estimation-theory/SECURITY.md,15,14,93,0
labs/math/probability-deep/07-hypothesis-testing/REFLECTION.md,14,13,93,0
labs/math/probability-deep/07-hypothesis-testing/SECURITY.md,15,14,93,0
labs/math/probability-deep/08-bayesian-statistics/REFLECTION.md,14,13,93,0
labs/math/probability-deep/08-bayesian-statistics/SECURITY.md,15,14,93,0
labs/algorithms/11-branch-and-bound/MOCK_INTERVIEW.md,66,61,92,0
labs/algorithms/20-randomized-algorithms/MOCK_INTERVIEW.md,66,61,92,0
labs/algorithms/22-game-theory/MOCK_INTERVIEW.md,65,60,92,0
labs/algorithms/27-suffix-array/MOCK_INTERVIEW.md,66,61,92,0
labs/algorithms/28-push-relabel-flow/MOCK_INTERVIEW.md,66,61,92,0
labs/algorithms/29-fft/MOCK_INTERVIEW.md,66,61,92,0
labs/algorithms/32-exact-exponential/MOCK_INTERVIEW.md,66,61,92,0
labs/algorithms/34-data-stream-algorithms/MOCK_INTERVIEW.md,66,61,92,0
labs/algorithms/35-quantum-simulation/MOCK_INTERVIEW.md,66,61,92,0
labs/algorithms/36-bloom-filter-variants/MOCK_INTERVIEW.md,66,61,92,0
labs/algorithms/37-graph-coloring-clique/MOCK_INTERVIEW.md,66,61,92,0
labs/algorithms/38-mst-variants/MOCK_INTERVIEW.md,66,61,92,0
labs/algorithms/39-number-theory-advanced/MOCK_INTERVIEW.md,66,61,92,0
labs/backend/01-spring-boot-basics/MINI_PROJECT.md,12,11,92,0
labs/backend/01-spring-boot-internals/MINI_PROJECT.md,12,11,92,0
labs/backend/02-rest-api-design/MINI_PROJECT.md,12,11,92,0
labs/backend/02-rest-apis/MINI_PROJECT.md,12,11,92,0
labs/backend/03-spring-data-jpa/MINI_PROJECT.md,12,11,92,0
labs/backend/03-spring-mvc/MINI_PROJECT.md,12,11,92,0
labs/backend/04-spring-data-jpa/MINI_PROJECT.md,12,11,92,0
labs/backend/04-spring-security/MINI_PROJECT.md,12,11,92,0
labs/backend/05-spring-cloud/MINI_PROJECT.md,12,11,92,0
labs/backend/05-transaction-management/MINI_PROJECT.md,12,11,92,0
labs/backend/06-cqrs-axon/MINI_PROJECT.md,12,11,92,0
labs/backend/06-security-basics/MINI_PROJECT.md,12,11,92,0
labs/backend/07-graphql/MINI_PROJECT.md,12,11,92,0
labs/backend/07-messaging/MINI_PROJECT.md,12,11,92,0
labs/backend/08-kafka-integration/MINI_PROJECT.md,12,11,92,0
labs/backend/08-micronaut/MINI_PROJECT.md,12,11,92,0
labs/backend/09-graalvm/MINI_PROJECT.md,12,11,92,0
labs/backend/09-helidon/MINI_PROJECT.md,12,11,92,0
labs/backend/10-backend-performance/MINI_PROJECT.md,12,11,92,0
labs/backend/10-quarkus/MINI_PROJECT.md,12,11,92,0
labs/backend/11-testing-strategies/MINI_PROJECT.md,12,11,92,0
labs/backend/12-api-documentation/MINI_PROJECT.md,12,11,92,0
labs/backend/13-caching/MINI_PROJECT.md,12,11,92,0
labs/backend/14-scheduling/MINI_PROJECT.md,12,11,92,0
labs/backend/15-webflux-reactive/MINI_PROJECT.md,12,11,92,0
labs/backend/16-spring-cloud/MINI_PROJECT.md,12,11,92,0
labs/backend/17-api-versioning-documentation/MINI_PROJECT.md,12,11,92,0
labs/backend/18-file-processing-batch/MINI_PROJECT.md,12,11,92,0
labs/backend/19-server-sent-events/MINI_PROJECT.md,12,11,92,0
labs/backend/20-backend-security-deep/MINI_PROJECT.md,12,11,92,0
labs/backend/21-multi-tenancy/MINI_PROJECT.md,12,11,92,0
labs/backend/22-graphql-dgs/MINI_PROJECT.md,12,11,92,0
labs/backend/23-cqrs-axon/MINI_PROJECT.md,12,11,92,0
labs/backend/24-backend-performance/MINI_PROJECT.md,12,11,92,0
labs/backend/25-graalvm-native/MINI_PROJECT.md,12,11,92,0
labs/backend/26-spring-boot-internals/MINI_PROJECT.md,12,11,92,0
labs/data-structures/03-stacks-queues/MOCK_INTERVIEW.md,65,60,92,0
labs/data-structures/21-cuckoo-robin-hood/MOCK_INTERVIEW.md,65,60,92,0
labs/data-structures/24-xor-unrolled-lists/MOCK_INTERVIEW.md,65,60,92,0
labs/data-structures/28-minhash-simhash/MOCK_INTERVIEW.md,65,60,92,0
labs/data-structures/29-van-emde-boas/MOCK_INTERVIEW.md,65,60,92,0
labs/data-structures/31-rope/MOCK_INTERVIEW.md,65,60,92,0
labs/data-structures/32-dancing-links/MOCK_INTERVIEW.md,65,60,92,0
labs/algorithms/01-sorting-basics/MOCK_INTERVIEW.md,66,60,91,0
labs/algorithms/21-caching-algorithms/MOCK_INTERVIEW.md,67,61,91,0
labs/algorithms/40-string-algorithms-advanced/MOCK_INTERVIEW.md,67,61,91,0
labs/data-science/analysis-deep/01-data-wrangling/COMMON_MISTAKES.md,11,10,91,0
labs/data-science/analysis-deep/02-visualization-fundamentals/COMMON_MISTAKES.md,11,10,91,0
labs/data-science/analysis-deep/03-descriptive-statistics/COMMON_MISTAKES.md,11,10,91,0
labs/data-science/analysis-deep/04-exploratory-analysis/COMMON_MISTAKES.md,11,10,91,0
labs/data-science/analysis-deep/05-feature-engineering/COMMON_MISTAKES.md,11,10,91,0
labs/data-science/analysis-deep/06-time-series-analysis/COMMON_MISTAKES.md,11,10,91,0
labs/data-science/analysis-deep/07-causal-inference/COMMON_MISTAKES.md,11,10,91,0
labs/data-science/analysis-deep/08-experimentation/COMMON_MISTAKES.md,11,10,91,0
labs/data-science/analysis-deep/09-anomaly-detection/COMMON_MISTAKES.md,11,10,91,0
labs/data-science/analysis-deep/10-data-pipelines/COMMON_MISTAKES.md,11,10,91,0
labs/data-science/ml-pipelines-deep/01-feature-stores/COMMON_MISTAKES.md,11,10,91,0
labs/data-science/ml-pipelines-deep/02-model-training-pipelines/COMMON_MISTAKES.md,11,10,91,0
labs/data-science/ml-pipelines-deep/03-model-evaluation/COMMON_MISTAKES.md,11,10,91,0
labs/data-science/ml-pipelines-deep/04-model-interpretability/COMMON_MISTAKES.md,11,10,91,0
labs/data-science/ml-pipelines-deep/05-model-serving/COMMON_MISTAKES.md,11,10,91,0
labs/data-science/ml-pipelines-deep/06-model-monitoring/COMMON_MISTAKES.md,11,10,91,0
labs/data-science/ml-pipelines-deep/07-mlops-orchestration/COMMON_MISTAKES.md,11,10,91,0
labs/data-science/ml-pipelines-deep/08-fraud-detection-system/COMMON_MISTAKES.md,11,10,91,0
labs/java/collections-deep/01-hashmap-internals/REFLECTION.md,85,77,91,0
labs/java/collections-deep/02-concurrent-hashmap/REFLECTION.md,85,77,91,0
labs/java/collections-deep/03-linked-list-deep/REFLECTION.md,85,77,91,0
labs/java/collections-deep/04-arraylist-deep/REFLECTION.md,85,77,91,0
labs/java/collections-deep/05-treemap-treeset/REFLECTION.md,85,77,91,0
labs/java/collections-deep/06-priority-queue/REFLECTION.md,85,77,91,0
labs/java/collections-deep/07-hashmap-design-build/REFLECTION.md,85,77,91,0
labs/java/collections-deep/08-concurrent-linked-queue/REFLECTION.md,85,77,91,0
labs/java/collections-deep/09-copyonwrite-arraylist/REFLECTION.md,85,77,91,0
labs/java/collections-deep/10-bloom-filter/REFLECTION.md,85,77,91,0
labs/java/concurrency-deep/01-thread-lifecycle/REFLECTION.md,85,77,91,0
labs/java/concurrency-deep/02-synchronized-internals/REFLECTION.md,85,77,91,0
labs/java/concurrency-deep/03-volatile-semantics/REFLECTION.md,85,77,91,0
labs/java/concurrency-deep/04-atomic-classes/REFLECTION.md,85,77,91,0
labs/java/concurrency-deep/05-lock-framework/REFLECTION.md,85,77,91,0
labs/java/concurrency-deep/06-completable-future/REFLECTION.md,85,77,91,0
labs/java/concurrency-deep/07-fork-join-pool/REFLECTION.md,85,77,91,0
labs/java/concurrency-deep/08-stamped-lock/REFLECTION.md,85,77,91,0
labs/java/concurrency-deep/09-phaser/REFLECTION.md,85,77,91,0
labs/java/concurrency-deep/10-structured-concurrency/REFLECTION.md,85,77,91,0
labs/java/jvm-deep/01-class-file-format/REFLECTION.md,85,77,91,0
labs/java/jvm-deep/02-class-loading/REFLECTION.md,85,77,91,0
labs/java/jvm-deep/03-bytecode-introduction/REFLECTION.md,85,77,91,0
labs/java/jvm-deep/04-asm-bytecode/REFLECTION.md,85,77,91,0
labs/java/jvm-deep/05-method-handles/REFLECTION.md,85,77,91,0
labs/java/jvm-deep/06-jit-compilation/REFLECTION.md,85,77,91,0
labs/java/jvm-deep/07-gc-1-g1/REFLECTION.md,85,77,91,0
labs/java/jvm-deep/08-gc-2-zgc/REFLECTION.md,85,77,91,0
labs/java/jvm-deep/09-gc-3-shenandoah/REFLECTION.md,85,77,91,0
labs/java/jvm-deep/10-jvm-tuning/REFLECTION.md,85,77,91,0
labs/java/memory-deep/01-jmm-foundations/REFLECTION.md,85,77,91,0
labs/java/memory-deep/02-reordering/REFLECTION.md,85,77,91,0
labs/java/memory-deep/03-memory-barriers/REFLECTION.md,85,77,91,0
labs/java/memory-deep/04-final-semantics/REFLECTION.md,85,77,91,0
labs/java/memory-deep/05-dcl-pattern/REFLECTION.md,85,77,91,0
labs/java/modern-java-deep/01-records-deep/REFLECTION.md,85,77,91,0
labs/java/modern-java-deep/02-sealed-classes/REFLECTION.md,85,77,91,0
labs/java/modern-java-deep/03-pattern-matching/REFLECTION.md,85,77,91,0
labs/java/modern-java-deep/04-virtual-threads/REFLECTION.md,85,77,91,0
labs/java/modern-java-deep/05-structured-concurrency-2/REFLECTION.md,85,77,91,0
labs/java/performance-deep/01-profiling-async/REFLECTION.md,85,77,91,0
labs/java/performance-deep/02-jmh-benchmarks/REFLECTION.md,85,77,91,0
labs/java/performance-deep/03-jfr-streaming/REFLECTION.md,85,77,91,0
labs/java/performance-deep/04-memory-leaks/REFLECTION.md,85,77,91,0
labs/java/performance-deep/05-gc-log-analysis/REFLECTION.md,85,77,91,0
labs/math/discrete-deep/02-set-theory/COMMON_MISTAKES.md,11,10,91,0
labs/math/discrete-deep/04-graph-theory/COMMON_MISTAKES.md,11,10,91,0
labs/math/discrete-deep/05-generating-functions/COMMON_MISTAKES.md,11,10,91,0
labs/math/discrete-deep/06-number-theory/COMMON_MISTAKES.md,11,10,91,0
labs/math/linear-algebra-deep/01-vector-spaces/COMMON_MISTAKES.md,11,10,91,0
labs/math/linear-algebra-deep/02-linear-transformations/COMMON_MISTAKES.md,11,10,91,0
labs/math/linear-algebra-deep/03-matrix-decompositions/COMMON_MISTAKES.md,11,10,91,0
labs/math/linear-algebra-deep/04-eigenvalues-advanced/COMMON_MISTAKES.md,11,10,91,0
labs/math/linear-algebra-deep/05-inner-products-norms/COMMON_MISTAKES.md,11,10,91,0
labs/math/linear-algebra-deep/06-dual-spaces-tensors/COMMON_MISTAKES.md,11,10,91,0
labs/math/linear-algebra-deep/07-applied-linear-algebra/COMMON_MISTAKES.md,11,10,91,0
labs/math/linear-algebra-deep/08-matrix-calculus/COMMON_MISTAKES.md,11,10,91,0
labs/math/probability-deep/01-probability-axioms/COMMON_MISTAKES.md,11,10,91,0
labs/math/probability-deep/02-random-variables/COMMON_MISTAKES.md,11,10,91,0
labs/math/probability-deep/03-distributions/COMMON_MISTAKES.md,11,10,91,0
labs/math/probability-deep/04-multivariate-statistics/COMMON_MISTAKES.md,11,10,91,0
labs/math/probability-deep/05-law-large-numbers/COMMON_MISTAKES.md,11,10,91,0
labs/math/probability-deep/06-estimation-theory/COMMON_MISTAKES.md,11,10,91,0
labs/math/probability-deep/07-hypothesis-testing/COMMON_MISTAKES.md,11,10,91,0
labs/math/probability-deep/08-bayesian-statistics/COMMON_MISTAKES.md,11,10,91,0
labs/algorithms/02-advanced-sorting/MOCK_INTERVIEW.md,67,60,90,0
labs/algorithms/08-string-algorithms/MOCK_INTERVIEW.md,67,60,90,0
labs/algorithms/09-divide-and-conquer/MOCK_INTERVIEW.md,68,61,90,0
labs/algorithms/10-backtracking/MOCK_INTERVIEW.md,68,61,90,0
labs/data-science/analysis-deep/01-data-wrangling/MENTAL_MODELS.md,10,9,90,0
labs/data-science/analysis-deep/02-visualization-fundamentals/MENTAL_MODELS.md,10,9,90,0
labs/data-science/analysis-deep/03-descriptive-statistics/MENTAL_MODELS.md,10,9,90,0
labs/data-science/analysis-deep/04-exploratory-analysis/MENTAL_MODELS.md,10,9,90,0
labs/data-science/analysis-deep/05-feature-engineering/MENTAL_MODELS.md,10,9,90,0
labs/data-science/analysis-deep/06-time-series-analysis/MENTAL_MODELS.md,10,9,90,0
labs/data-science/analysis-deep/07-causal-inference/MENTAL_MODELS.md,10,9,90,0
labs/data-science/analysis-deep/08-experimentation/MENTAL_MODELS.md,10,9,90,0
labs/data-science/analysis-deep/09-anomaly-detection/MENTAL_MODELS.md,10,9,90,0
labs/data-science/analysis-deep/10-data-pipelines/MENTAL_MODELS.md,10,9,90,0
labs/data-science/ml-pipelines-deep/01-feature-stores/MENTAL_MODELS.md,10,9,90,0
labs/data-science/ml-pipelines-deep/02-model-training-pipelines/MENTAL_MODELS.md,10,9,90,0
labs/data-science/ml-pipelines-deep/03-model-evaluation/MENTAL_MODELS.md,10,9,90,0
labs/data-science/ml-pipelines-deep/04-model-interpretability/MENTAL_MODELS.md,10,9,90,0
labs/data-science/ml-pipelines-deep/05-model-serving/MENTAL_MODELS.md,10,9,90,0
labs/data-science/ml-pipelines-deep/06-model-monitoring/MENTAL_MODELS.md,10,9,90,0
labs/data-science/ml-pipelines-deep/07-mlops-orchestration/MENTAL_MODELS.md,10,9,90,0
labs/data-science/ml-pipelines-deep/08-fraud-detection-system/MENTAL_MODELS.md,10,9,90,0
labs/java/collections-deep/01-hashmap-internals/QUIZ.md,73,66,90,0
labs/java/collections-deep/02-concurrent-hashmap/QUIZ.md,73,66,90,0
labs/java/collections-deep/03-linked-list-deep/QUIZ.md,73,66,90,0
labs/java/collections-deep/04-arraylist-deep/QUIZ.md,73,66,90,0
labs/java/collections-deep/05-treemap-treeset/QUIZ.md,73,66,90,0
labs/java/collections-deep/06-priority-queue/QUIZ.md,73,66,90,0
labs/java/collections-deep/07-hashmap-design-build/QUIZ.md,73,66,90,0
labs/java/collections-deep/08-concurrent-linked-queue/QUIZ.md,73,66,90,0
labs/java/collections-deep/09-copyonwrite-arraylist/QUIZ.md,73,66,90,0
labs/java/collections-deep/10-bloom-filter/QUIZ.md,73,66,90,0
labs/java/concurrency-deep/01-thread-lifecycle/QUIZ.md,73,66,90,0
labs/java/concurrency-deep/02-synchronized-internals/QUIZ.md,73,66,90,0
labs/java/concurrency-deep/03-volatile-semantics/QUIZ.md,73,66,90,0
labs/java/concurrency-deep/04-atomic-classes/QUIZ.md,73,66,90,0
labs/java/concurrency-deep/05-lock-framework/QUIZ.md,73,66,90,0
labs/java/concurrency-deep/06-completable-future/QUIZ.md,73,66,90,0
labs/java/concurrency-deep/07-fork-join-pool/QUIZ.md,73,66,90,0
labs/java/concurrency-deep/08-stamped-lock/QUIZ.md,73,66,90,0
labs/java/concurrency-deep/09-phaser/QUIZ.md,73,66,90,0
labs/java/concurrency-deep/10-structured-concurrency/QUIZ.md,73,66,90,0
labs/java/jvm-deep/01-class-file-format/QUIZ.md,73,66,90,0
labs/java/jvm-deep/02-class-loading/QUIZ.md,73,66,90,0
labs/java/jvm-deep/08-gc-2-zgc/QUIZ.md,73,66,90,0
labs/java/jvm-deep/09-gc-3-shenandoah/QUIZ.md,73,66,90,0
labs/java/jvm-deep/10-jvm-tuning/QUIZ.md,73,66,90,0
labs/java/memory-deep/01-jmm-foundations/QUIZ.md,73,66,90,0
labs/java/memory-deep/02-reordering/QUIZ.md,73,66,90,0
labs/java/memory-deep/03-memory-barriers/QUIZ.md,73,66,90,0
labs/java/memory-deep/04-final-semantics/QUIZ.md,73,66,90,0
labs/java/memory-deep/05-dcl-pattern/QUIZ.md,73,66,90,0
labs/java/modern-java-deep/01-records-deep/QUIZ.md,73,66,90,0
labs/java/modern-java-deep/02-sealed-classes/QUIZ.md,73,66,90,0
labs/java/modern-java-deep/03-pattern-matching/QUIZ.md,73,66,90,0
labs/java/modern-java-deep/04-virtual-threads/QUIZ.md,73,66,90,0
labs/java/modern-java-deep/05-structured-concurrency-2/QUIZ.md,73,66,90,0
labs/java/performance-deep/02-jmh-benchmarks/QUIZ.md,73,66,90,0
labs/java/performance-deep/03-jfr-streaming/QUIZ.md,73,66,90,0
labs/java/performance-deep/04-memory-leaks/QUIZ.md,73,66,90,0
labs/java/performance-deep/05-gc-log-analysis/QUIZ.md,73,66,90,0
labs/math/discrete-deep/02-set-theory/MENTAL_MODELS.md,10,9,90,0
labs/math/discrete-deep/04-graph-theory/MENTAL_MODELS.md,10,9,90,0
labs/math/discrete-deep/05-generating-functions/MENTAL_MODELS.md,10,9,90,0
labs/math/discrete-deep/06-number-theory/MENTAL_MODELS.md,10,9,90,0
labs/math/linear-algebra-deep/01-vector-spaces/MENTAL_MODELS.md,10,9,90,0
labs/math/linear-algebra-deep/02-linear-transformations/MENTAL_MODELS.md,10,9,90,0
labs/math/linear-algebra-deep/03-matrix-decompositions/MENTAL_MODELS.md,10,9,90,0
labs/math/linear-algebra-deep/04-eigenvalues-advanced/MENTAL_MODELS.md,10,9,90,0
labs/math/linear-algebra-deep/05-inner-products-norms/MENTAL_MODELS.md,10,9,90,0
labs/math/linear-algebra-deep/06-dual-spaces-tensors/MENTAL_MODELS.md,10,9,90,0
labs/math/linear-algebra-deep/07-applied-linear-algebra/MENTAL_MODELS.md,10,9,90,0
labs/math/linear-algebra-deep/08-matrix-calculus/MENTAL_MODELS.md,10,9,90,0
labs/math/probability-deep/01-probability-axioms/MENTAL_MODELS.md,10,9,90,0
labs/math/probability-deep/02-random-variables/MENTAL_MODELS.md,10,9,90,0
labs/math/probability-deep/03-distributions/MENTAL_MODELS.md,10,9,90,0
labs/math/probability-deep/04-multivariate-statistics/MENTAL_MODELS.md,10,9,90,0
labs/math/probability-deep/05-law-large-numbers/MENTAL_MODELS.md,10,9,90,0
labs/math/probability-deep/06-estimation-theory/MENTAL_MODELS.md,10,9,90,0
labs/math/probability-deep/07-hypothesis-testing/MENTAL_MODELS.md,10,9,90,0
labs/math/probability-deep/08-bayesian-statistics/MENTAL_MODELS.md,10,9,90,0
labs/backend/01-spring-boot-basics/REAL_WORLD_PROJECT.md,19,17,89,0
labs/backend/01-spring-boot-internals/REAL_WORLD_PROJECT.md,19,17,89,0
labs/backend/02-rest-api-design/REAL_WORLD_PROJECT.md,19,17,89,0
labs/backend/02-rest-apis/REAL_WORLD_PROJECT.md,19,17,89,0
labs/backend/03-spring-data-jpa/REAL_WORLD_PROJECT.md,19,17,89,0
labs/backend/03-spring-mvc/REAL_WORLD_PROJECT.md,19,17,89,0
labs/backend/04-spring-data-jpa/REAL_WORLD_PROJECT.md,19,17,89,0
labs/backend/04-spring-security/REAL_WORLD_PROJECT.md,19,17,89,0
labs/backend/05-spring-cloud/REAL_WORLD_PROJECT.md,19,17,89,0
labs/backend/05-transaction-management/REAL_WORLD_PROJECT.md,19,17,89,0
labs/backend/06-cqrs-axon/REAL_WORLD_PROJECT.md,19,17,89,0
labs/backend/06-security-basics/REAL_WORLD_PROJECT.md,19,17,89,0
labs/backend/07-graphql/REAL_WORLD_PROJECT.md,19,17,89,0
labs/backend/07-messaging/REAL_WORLD_PROJECT.md,19,17,89,0
labs/backend/08-kafka-integration/REAL_WORLD_PROJECT.md,19,17,89,0
labs/backend/08-micronaut/REAL_WORLD_PROJECT.md,19,17,89,0
labs/backend/09-graalvm/REAL_WORLD_PROJECT.md,19,17,89,0
labs/backend/09-helidon/REAL_WORLD_PROJECT.md,19,17,89,0
labs/backend/10-backend-performance/REAL_WORLD_PROJECT.md,19,17,89,0
labs/backend/10-quarkus/REAL_WORLD_PROJECT.md,19,17,89,0
labs/backend/11-testing-strategies/REAL_WORLD_PROJECT.md,19,17,89,0
labs/backend/12-api-documentation/REAL_WORLD_PROJECT.md,19,17,89,0
labs/backend/13-caching/REAL_WORLD_PROJECT.md,19,17,89,0
labs/backend/14-scheduling/REAL_WORLD_PROJECT.md,19,17,89,0
labs/backend/15-webflux-reactive/REAL_WORLD_PROJECT.md,19,17,89,0
labs/backend/16-spring-cloud/REAL_WORLD_PROJECT.md,19,17,89,0
labs/backend/17-api-versioning-documentation/REAL_WORLD_PROJECT.md,19,17,89,0
labs/backend/18-file-processing-batch/REAL_WORLD_PROJECT.md,19,17,89,0
labs/backend/19-server-sent-events/REAL_WORLD_PROJECT.md,19,17,89,0
labs/backend/20-backend-security-deep/REAL_WORLD_PROJECT.md,19,17,89,0
labs/backend/21-multi-tenancy/REAL_WORLD_PROJECT.md,19,17,89,0
labs/backend/22-graphql-dgs/REAL_WORLD_PROJECT.md,19,17,89,0
labs/backend/23-cqrs-axon/REAL_WORLD_PROJECT.md,19,17,89,0
labs/backend/24-backend-performance/REAL_WORLD_PROJECT.md,19,17,89,0
labs/backend/25-graalvm-native/REAL_WORLD_PROJECT.md,19,17,89,0
labs/backend/26-spring-boot-internals/REAL_WORLD_PROJECT.md,19,17,89,0
labs/data-science/analysis-deep/01-data-wrangling/DEBUGGING.md,9,8,89,0
labs/data-science/analysis-deep/01-data-wrangling/INTERNALS.md,9,8,89,0
labs/data-science/analysis-deep/01-data-wrangling/STEP_BY_STEP.md,9,8,89,0
labs/data-science/analysis-deep/02-visualization-fundamentals/DEBUGGING.md,9,8,89,0
labs/data-science/analysis-deep/02-visualization-fundamentals/INTERNALS.md,9,8,89,0
labs/data-science/analysis-deep/02-visualization-fundamentals/STEP_BY_STEP.md,9,8,89,0
labs/data-science/analysis-deep/03-descriptive-statistics/DEBUGGING.md,9,8,89,0
labs/data-science/analysis-deep/03-descriptive-statistics/INTERNALS.md,9,8,89,0
labs/data-science/analysis-deep/03-descriptive-statistics/STEP_BY_STEP.md,9,8,89,0
labs/data-science/analysis-deep/04-exploratory-analysis/DEBUGGING.md,9,8,89,0
labs/data-science/analysis-deep/04-exploratory-analysis/INTERNALS.md,9,8,89,0
labs/data-science/analysis-deep/04-exploratory-analysis/STEP_BY_STEP.md,9,8,89,0
labs/data-science/analysis-deep/05-feature-engineering/DEBUGGING.md,9,8,89,0
labs/data-science/analysis-deep/05-feature-engineering/INTERNALS.md,9,8,89,0
labs/data-science/analysis-deep/05-feature-engineering/STEP_BY_STEP.md,9,8,89,0
labs/data-science/analysis-deep/06-time-series-analysis/DEBUGGING.md,9,8,89,0
labs/data-science/analysis-deep/06-time-series-analysis/INTERNALS.md,9,8,89,0
labs/data-science/analysis-deep/06-time-series-analysis/STEP_BY_STEP.md,9,8,89,0
labs/data-science/analysis-deep/07-causal-inference/DEBUGGING.md,9,8,89,0
labs/data-science/analysis-deep/07-causal-inference/INTERNALS.md,9,8,89,0
labs/data-science/analysis-deep/07-causal-inference/STEP_BY_STEP.md,9,8,89,0
labs/data-science/analysis-deep/08-experimentation/DEBUGGING.md,9,8,89,0
labs/data-science/analysis-deep/08-experimentation/INTERNALS.md,9,8,89,0
labs/data-science/analysis-deep/08-experimentation/STEP_BY_STEP.md,9,8,89,0
labs/data-science/analysis-deep/09-anomaly-detection/DEBUGGING.md,9,8,89,0
labs/data-science/analysis-deep/09-anomaly-detection/INTERNALS.md,9,8,89,0
labs/data-science/analysis-deep/09-anomaly-detection/STEP_BY_STEP.md,9,8,89,0
labs/data-science/analysis-deep/10-data-pipelines/DEBUGGING.md,9,8,89,0
labs/data-science/analysis-deep/10-data-pipelines/INTERNALS.md,9,8,89,0
labs/data-science/analysis-deep/10-data-pipelines/STEP_BY_STEP.md,9,8,89,0
labs/data-science/ml-pipelines-deep/01-feature-stores/DEBUGGING.md,9,8,89,0
labs/data-science/ml-pipelines-deep/01-feature-stores/INTERNALS.md,9,8,89,0
labs/data-science/ml-pipelines-deep/01-feature-stores/STEP_BY_STEP.md,9,8,89,0
labs/data-science/ml-pipelines-deep/02-model-training-pipelines/DEBUGGING.md,9,8,89,0
labs/data-science/ml-pipelines-deep/02-model-training-pipelines/INTERNALS.md,9,8,89,0
labs/data-science/ml-pipelines-deep/02-model-training-pipelines/STEP_BY_STEP.md,9,8,89,0
labs/data-science/ml-pipelines-deep/03-model-evaluation/DEBUGGING.md,9,8,89,0
labs/data-science/ml-pipelines-deep/03-model-evaluation/INTERNALS.md,9,8,89,0
labs/data-science/ml-pipelines-deep/03-model-evaluation/STEP_BY_STEP.md,9,8,89,0
labs/data-science/ml-pipelines-deep/04-model-interpretability/DEBUGGING.md,9,8,89,0
labs/data-science/ml-pipelines-deep/04-model-interpretability/INTERNALS.md,9,8,89,0
labs/data-science/ml-pipelines-deep/04-model-interpretability/STEP_BY_STEP.md,9,8,89,0
labs/data-science/ml-pipelines-deep/05-model-serving/DEBUGGING.md,9,8,89,0
labs/data-science/ml-pipelines-deep/05-model-serving/INTERNALS.md,9,8,89,0
labs/data-science/ml-pipelines-deep/05-model-serving/STEP_BY_STEP.md,9,8,89,0
labs/data-science/ml-pipelines-deep/06-model-monitoring/DEBUGGING.md,9,8,89,0
labs/data-science/ml-pipelines-deep/06-model-monitoring/INTERNALS.md,9,8,89,0
labs/data-science/ml-pipelines-deep/06-model-monitoring/STEP_BY_STEP.md,9,8,89,0
labs/data-science/ml-pipelines-deep/07-mlops-orchestration/DEBUGGING.md,9,8,89,0
labs/data-science/ml-pipelines-deep/07-mlops-orchestration/INTERNALS.md,9,8,89,0
labs/data-science/ml-pipelines-deep/07-mlops-orchestration/STEP_BY_STEP.md,9,8,89,0
labs/data-science/ml-pipelines-deep/08-fraud-detection-system/DEBUGGING.md,9,8,89,0
labs/data-science/ml-pipelines-deep/08-fraud-detection-system/INTERNALS.md,9,8,89,0
labs/data-science/ml-pipelines-deep/08-fraud-detection-system/STEP_BY_STEP.md,9,8,89,0
labs/math/discrete-deep/02-set-theory/DEBUGGING.md,9,8,89,0
labs/math/discrete-deep/02-set-theory/INTERNALS.md,9,8,89,0
labs/math/discrete-deep/02-set-theory/STEP_BY_STEP.md,9,8,89,0
labs/math/discrete-deep/04-graph-theory/DEBUGGING.md,9,8,89,0
labs/math/discrete-deep/04-graph-theory/INTERNALS.md,9,8,89,0
labs/math/discrete-deep/04-graph-theory/STEP_BY_STEP.md,9,8,89,0
labs/math/discrete-deep/05-generating-functions/DEBUGGING.md,9,8,89,0
labs/math/discrete-deep/05-generating-functions/INTERNALS.md,9,8,89,0
labs/math/discrete-deep/05-generating-functions/STEP_BY_STEP.md,9,8,89,0
labs/math/discrete-deep/06-number-theory/DEBUGGING.md,9,8,89,0
labs/math/discrete-deep/06-number-theory/INTERNALS.md,9,8,89,0
labs/math/discrete-deep/06-number-theory/STEP_BY_STEP.md,9,8,89,0
labs/math/linear-algebra-deep/01-vector-spaces/DEBUGGING.md,9,8,89,0
labs/math/linear-algebra-deep/01-vector-spaces/INTERNALS.md,9,8,89,0
labs/math/linear-algebra-deep/01-vector-spaces/STEP_BY_STEP.md,9,8,89,0
labs/math/linear-algebra-deep/02-linear-transformations/DEBUGGING.md,9,8,89,0
labs/math/linear-algebra-deep/02-linear-transformations/INTERNALS.md,9,8,89,0
labs/math/linear-algebra-deep/02-linear-transformations/STEP_BY_STEP.md,9,8,89,0
labs/math/linear-algebra-deep/03-matrix-decompositions/DEBUGGING.md,9,8,89,0
labs/math/linear-algebra-deep/03-matrix-decompositions/INTERNALS.md,9,8,89,0
labs/math/linear-algebra-deep/03-matrix-decompositions/STEP_BY_STEP.md,9,8,89,0
labs/math/linear-algebra-deep/04-eigenvalues-advanced/DEBUGGING.md,9,8,89,0
labs/math/linear-algebra-deep/04-eigenvalues-advanced/INTERNALS.md,9,8,89,0
labs/math/linear-algebra-deep/04-eigenvalues-advanced/STEP_BY_STEP.md,9,8,89,0
labs/math/linear-algebra-deep/05-inner-products-norms/DEBUGGING.md,9,8,89,0
labs/math/linear-algebra-deep/05-inner-products-norms/INTERNALS.md,9,8,89,0
labs/math/linear-algebra-deep/05-inner-products-norms/STEP_BY_STEP.md,9,8,89,0
labs/math/linear-algebra-deep/06-dual-spaces-tensors/DEBUGGING.md,9,8,89,0
labs/math/linear-algebra-deep/06-dual-spaces-tensors/INTERNALS.md,9,8,89,0
labs/math/linear-algebra-deep/06-dual-spaces-tensors/STEP_BY_STEP.md,9,8,89,0
labs/math/linear-algebra-deep/07-applied-linear-algebra/DEBUGGING.md,9,8,89,0
labs/math/linear-algebra-deep/07-applied-linear-algebra/INTERNALS.md,9,8,89,0
labs/math/linear-algebra-deep/07-applied-linear-algebra/STEP_BY_STEP.md,9,8,89,0
labs/math/linear-algebra-deep/08-matrix-calculus/DEBUGGING.md,9,8,89,0
labs/math/linear-algebra-deep/08-matrix-calculus/INTERNALS.md,9,8,89,0
labs/math/linear-algebra-deep/08-matrix-calculus/STEP_BY_STEP.md,9,8,89,0
labs/math/probability-deep/01-probability-axioms/DEBUGGING.md,9,8,89,0
labs/math/probability-deep/01-probability-axioms/INTERNALS.md,9,8,89,0
labs/math/probability-deep/01-probability-axioms/STEP_BY_STEP.md,9,8,89,0
labs/math/probability-deep/02-random-variables/DEBUGGING.md,9,8,89,0
labs/math/probability-deep/02-random-variables/INTERNALS.md,9,8,89,0
labs/math/probability-deep/02-random-variables/STEP_BY_STEP.md,9,8,89,0
labs/math/probability-deep/03-distributions/DEBUGGING.md,9,8,89,0
labs/math/probability-deep/03-distributions/INTERNALS.md,9,8,89,0
labs/math/probability-deep/03-distributions/STEP_BY_STEP.md,9,8,89,0
labs/math/probability-deep/04-multivariate-statistics/DEBUGGING.md,9,8,89,0
labs/math/probability-deep/04-multivariate-statistics/INTERNALS.md,9,8,89,0
labs/math/probability-deep/04-multivariate-statistics/STEP_BY_STEP.md,9,8,89,0
labs/math/probability-deep/05-law-large-numbers/DEBUGGING.md,9,8,89,0
labs/math/probability-deep/05-law-large-numbers/INTERNALS.md,9,8,89,0
labs/math/probability-deep/05-law-large-numbers/STEP_BY_STEP.md,9,8,89,0
labs/math/probability-deep/06-estimation-theory/DEBUGGING.md,9,8,89,0
labs/math/probability-deep/06-estimation-theory/INTERNALS.md,9,8,89,0
labs/math/probability-deep/06-estimation-theory/STEP_BY_STEP.md,9,8,89,0
labs/math/probability-deep/07-hypothesis-testing/DEBUGGING.md,9,8,89,0
labs/math/probability-deep/07-hypothesis-testing/INTERNALS.md,9,8,89,0
labs/math/probability-deep/07-hypothesis-testing/STEP_BY_STEP.md,9,8,89,0
labs/math/probability-deep/08-bayesian-statistics/DEBUGGING.md,9,8,89,0
labs/math/probability-deep/08-bayesian-statistics/INTERNALS.md,9,8,89,0
labs/math/probability-deep/08-bayesian-statistics/STEP_BY_STEP.md,9,8,89,0
labs/algorithms/03-searching/MOCK_INTERVIEW.md,68,60,88,0
labs/algorithms/04-recursion/MOCK_INTERVIEW.md,68,60,88,0
labs/algorithms/05-dynamic-programming/MOCK_INTERVIEW.md,68,60,88,0
labs/algorithms/06-greedy-algorithms/MOCK_INTERVIEW.md,68,60,88,0
labs/algorithms/07-graph-algorithms/MOCK_INTERVIEW.md,68,60,88,0
labs/algorithms/26-bit-manipulation/MOCK_INTERVIEW.md,68,60,88,0
labs/backend/01-spring-boot-internals/VISION.md,16,14,88,0
labs/backend/02-rest-api-design/VISION.md,16,14,88,0
labs/backend/02-rest-apis/VISION.md,16,14,88,0
labs/backend/03-spring-data-jpa/VISION.md,16,14,88,0
labs/backend/03-spring-mvc/VISION.md,16,14,88,0
labs/backend/04-spring-data-jpa/VISION.md,16,14,88,0
labs/backend/04-spring-security/VISION.md,16,14,88,0
labs/backend/05-spring-cloud/VISION.md,16,14,88,0
labs/backend/05-transaction-management/VISION.md,16,14,88,0
labs/backend/06-cqrs-axon/VISION.md,16,14,88,0
labs/backend/06-security-basics/VISION.md,16,14,88,0
labs/backend/07-graphql/VISION.md,16,14,88,0
labs/backend/07-messaging/VISION.md,16,14,88,0
labs/backend/08-kafka-integration/VISION.md,16,14,88,0
labs/backend/08-micronaut/VISION.md,16,14,88,0
labs/backend/09-graalvm/VISION.md,16,14,88,0
labs/backend/09-helidon/VISION.md,16,14,88,0
labs/backend/10-backend-performance/VISION.md,16,14,88,0
labs/backend/10-quarkus/VISION.md,16,14,88,0
labs/backend/11-testing-strategies/VISION.md,16,14,88,0
labs/backend/12-api-documentation/VISION.md,16,14,88,0
labs/backend/13-caching/VISION.md,16,14,88,0
labs/backend/14-scheduling/VISION.md,16,14,88,0
labs/backend/15-webflux-reactive/VISION.md,16,14,88,0
labs/backend/16-spring-cloud/VISION.md,16,14,88,0
labs/backend/17-api-versioning-documentation/VISION.md,16,14,88,0
labs/backend/18-file-processing-batch/VISION.md,16,14,88,0
labs/backend/19-server-sent-events/VISION.md,16,14,88,0
labs/backend/20-backend-security-deep/VISION.md,16,14,88,0
labs/backend/21-multi-tenancy/VISION.md,16,14,88,0
labs/backend/22-graphql-dgs/VISION.md,16,14,88,0
labs/backend/23-cqrs-axon/VISION.md,16,14,88,0
labs/backend/24-backend-performance/VISION.md,16,14,88,0
labs/backend/25-graalvm-native/VISION.md,16,14,88,0
labs/backend/26-spring-boot-internals/VISION.md,16,14,88,0
labs/math/discrete-deep/03-combinatorics/VISUAL_GUIDE.md,8,7,88,0
labs/algorithms/13-dp-lcs/REAL_WORLD_PROJECT.md,31,27,87,0
labs/algorithms/13-parallel-algorithms/REAL_WORLD_PROJECT.md,31,27,87,0
labs/algorithms/14-approximation-algorithms/REAL_WORLD_PROJECT.md,31,27,87,0
labs/algorithms/14-dp-lis/REAL_WORLD_PROJECT.md,31,27,87,0
labs/algorithms/15-cryptographic-algorithms/REAL_WORLD_PROJECT.md,31,27,87,0
labs/algorithms/15-dp-matrix/REAL_WORLD_PROJECT.md,31,27,87,0
labs/algorithms/16-greedy/REAL_WORLD_PROJECT.md,31,27,87,0
labs/algorithms/16-string-matching/REAL_WORLD_PROJECT.md,31,27,87,0
labs/algorithms/17-network-flow/REAL_WORLD_PROJECT.md,31,27,87,0
labs/algorithms/17-two-pointers/REAL_WORLD_PROJECT.md,31,27,87,0
labs/algorithms/18-computational-geometry/REAL_WORLD_PROJECT.md,31,27,87,0
labs/algorithms/18-sliding-window/REAL_WORLD_PROJECT.md,31,27,87,0
labs/algorithms/19-backtracking/REAL_WORLD_PROJECT.md,31,27,87,0
labs/algorithms/19-number-theory/REAL_WORLD_PROJECT.md,31,27,87,0
labs/algorithms/20-bit-manipulation/REAL_WORLD_PROJECT.md,31,27,87,0
labs/algorithms/20-randomized-algorithms/REAL_WORLD_PROJECT.md,31,27,87,0
labs/algorithms/21-caching-algorithms/REAL_WORLD_PROJECT.md,31,27,87,0
labs/algorithms/22-game-theory/REAL_WORLD_PROJECT.md,31,27,87,0
labs/algorithms/23-load-balancing/REAL_WORLD_PROJECT.md,31,27,87,0
labs/algorithms/24-scheduling-algorithms/REAL_WORLD_PROJECT.md,31,27,87,0
labs/algorithms/25-optimization-algorithms/REAL_WORLD_PROJECT.md,31,27,87,0
labs/algorithms/26-bit-manipulation/REAL_WORLD_PROJECT.md,31,27,87,0
labs/data-science/analysis-deep/01-data-wrangling/ARCHITECTURE.md,15,13,87,0
labs/data-science/analysis-deep/02-visualization-fundamentals/ARCHITECTURE.md,15,13,87,0
labs/data-science/analysis-deep/03-descriptive-statistics/ARCHITECTURE.md,15,13,87,0
labs/data-science/analysis-deep/04-exploratory-analysis/ARCHITECTURE.md,15,13,87,0
labs/data-science/analysis-deep/04-exploratory-analysis/REFLECTION.md,15,13,87,0
labs/data-science/analysis-deep/05-feature-engineering/ARCHITECTURE.md,15,13,87,0
labs/data-science/analysis-deep/06-time-series-analysis/ARCHITECTURE.md,15,13,87,0
labs/data-science/analysis-deep/06-time-series-analysis/REFLECTION.md,15,13,87,0
labs/data-science/analysis-deep/07-causal-inference/ARCHITECTURE.md,15,13,87,0
labs/data-science/analysis-deep/08-experimentation/ARCHITECTURE.md,15,13,87,0
labs/data-science/analysis-deep/08-experimentation/REFLECTION.md,15,13,87,0
labs/data-science/analysis-deep/09-anomaly-detection/ARCHITECTURE.md,15,13,87,0
labs/data-science/analysis-deep/09-anomaly-detection/REFLECTION.md,15,13,87,0
labs/data-science/analysis-deep/10-data-pipelines/ARCHITECTURE.md,15,13,87,0
labs/data-science/ml-pipelines-deep/01-feature-stores/ARCHITECTURE.md,15,13,87,0
labs/data-science/ml-pipelines-deep/02-model-training-pipelines/ARCHITECTURE.md,15,13,87,0
labs/data-science/ml-pipelines-deep/02-model-training-pipelines/REFLECTION.md,15,13,87,0
labs/data-science/ml-pipelines-deep/03-model-evaluation/ARCHITECTURE.md,15,13,87,0
labs/data-science/ml-pipelines-deep/04-model-interpretability/ARCHITECTURE.md,15,13,87,0
labs/data-science/ml-pipelines-deep/05-model-serving/ARCHITECTURE.md,15,13,87,0
labs/data-science/ml-pipelines-deep/06-model-monitoring/ARCHITECTURE.md,15,13,87,0
labs/data-science/ml-pipelines-deep/07-mlops-orchestration/ARCHITECTURE.md,15,13,87,0
labs/data-science/ml-pipelines-deep/08-fraud-detection-system/ARCHITECTURE.md,15,13,87,0
labs/data-science/ml-pipelines-deep/08-fraud-detection-system/REFLECTION.md,15,13,87,0
labs/databases/01-relational-databases/MINI_PROJECT.md,70,61,87,0
labs/databases/01-sql-basics/MINI_PROJECT.md,70,61,87,0
labs/databases/02-joins/MINI_PROJECT.md,70,61,87,0
labs/databases/02-sql-fundamentals/MINI_PROJECT.md,70,61,87,0
labs/databases/03-postgresql/MINI_PROJECT.md,70,61,87,0
labs/databases/03-subqueries/MINI_PROJECT.md,70,61,87,0
labs/databases/04-ctes/MINI_PROJECT.md,70,61,87,0
labs/databases/04-mongodb/MINI_PROJECT.md,70,61,87,0
labs/databases/05-redis/MINI_PROJECT.md,70,61,87,0
labs/databases/05-window-functions/MINI_PROJECT.md,70,61,87,0
labs/databases/06-aggregation/MINI_PROJECT.md,70,61,87,0
labs/databases/06-jdbc-jpa/MINI_PROJECT.md,70,61,87,0
labs/databases/07-spring-data/MINI_PROJECT.md,70,61,87,0
labs/databases/08-flyway-liquibase/MINI_PROJECT.md,70,61,87,0
labs/databases/09-query-optimization/MINI_PROJECT.md,70,61,87,0
labs/databases/09-r2dbc/MINI_PROJECT.md,70,61,87,0
labs/databases/10-connection-pooling/MINI_PROJECT.md,70,61,87,0
labs/databases/10-transactions/MINI_PROJECT.md,70,61,87,0
labs/databases/11-query-optimization/MINI_PROJECT.md,70,61,87,0
labs/databases/12-multi-model-databases/MINI_PROJECT.md,70,61,87,0
labs/databases/12-plsql-fundamentals/MINI_PROJECT.md,70,61,87,0
labs/databases/13-database-sharding/MINI_PROJECT.md,70,61,87,0
labs/databases/14-database-replication/MINI_PROJECT.md,70,61,87,0
labs/databases/15-query-optimization/MINI_PROJECT.md,70,61,87,0
labs/databases/16-database-testing/MINI_PROJECT.md,70,61,87,0
labs/databases/17-cassandra-nosql/MINI_PROJECT.md,70,61,87,0
labs/databases/17-oracle-architecture/MINI_PROJECT.md,70,61,87,0
labs/databases/18-cockroachdb/MINI_PROJECT.md,70,61,87,0
labs/databases/19-database-migration-strategies/MINI_PROJECT.md,70,61,87,0
labs/databases/20-database-security/MINI_PROJECT.md,70,61,87,0
labs/databases/21-advanced-sql/MINI_PROJECT.md,70,61,87,0
labs/databases/22-pl-sql-foundations/MINI_PROJECT.md,70,61,87,0
labs/databases/23-pl-sql-advanced/MINI_PROJECT.md,70,61,87,0
labs/databases/SQL_SOLUTIONS/MINI_PROJECT.md,70,61,87,0
labs/databases/databases-deep/MINI_PROJECT.md,70,61,87,0
labs/math/discrete-deep/02-set-theory/ARCHITECTURE.md,15,13,87,0
labs/math/discrete-deep/04-graph-theory/ARCHITECTURE.md,15,13,87,0
labs/math/discrete-deep/05-generating-functions/ARCHITECTURE.md,15,13,87,0
labs/math/discrete-deep/06-number-theory/ARCHITECTURE.md,15,13,87,0
labs/math/linear-algebra-deep/01-vector-spaces/ARCHITECTURE.md,15,13,87,0
labs/math/linear-algebra-deep/02-linear-transformations/ARCHITECTURE.md,15,13,87,0
labs/math/linear-algebra-deep/03-matrix-decompositions/ARCHITECTURE.md,15,13,87,0
labs/math/linear-algebra-deep/04-eigenvalues-advanced/ARCHITECTURE.md,15,13,87,0
labs/math/linear-algebra-deep/05-inner-products-norms/ARCHITECTURE.md,15,13,87,0
labs/math/linear-algebra-deep/05-inner-products-norms/REFLECTION.md,15,13,87,0
labs/math/linear-algebra-deep/06-dual-spaces-tensors/ARCHITECTURE.md,15,13,87,0
labs/math/linear-algebra-deep/06-dual-spaces-tensors/REFLECTION.md,15,13,87,0
labs/math/linear-algebra-deep/07-applied-linear-algebra/ARCHITECTURE.md,15,13,87,0
labs/math/linear-algebra-deep/07-applied-linear-algebra/REFLECTION.md,15,13,87,0
labs/math/linear-algebra-deep/08-matrix-calculus/ARCHITECTURE.md,15,13,87,0
labs/math/probability-deep/01-probability-axioms/ARCHITECTURE.md,15,13,87,0
labs/math/probability-deep/02-random-variables/ARCHITECTURE.md,15,13,87,0
labs/math/probability-deep/03-distributions/ARCHITECTURE.md,15,13,87,0
labs/math/probability-deep/04-multivariate-statistics/ARCHITECTURE.md,15,13,87,0
labs/math/probability-deep/05-law-large-numbers/ARCHITECTURE.md,15,13,87,0
labs/math/probability-deep/05-law-large-numbers/REFLECTION.md,15,13,87,0
labs/math/probability-deep/06-estimation-theory/ARCHITECTURE.md,15,13,87,0
labs/math/probability-deep/07-hypothesis-testing/ARCHITECTURE.md,15,13,87,0
labs/math/probability-deep/08-bayesian-statistics/ARCHITECTURE.md,15,13,87,0
labs/ai/27-meta-learning/CODE_DEEP_DIVE/CODE_DEEP_DIVE.md,21,18,86,0
labs/ai/27-meta-learning/EXERCISES/EXERCISES.md,21,18,86,0
labs/ai/27-meta-learning/MATH_FOUNDATION/MATH_FOUNDATION.md,21,18,86,0
labs/ai/27-meta-learning/MINI_PROJECT/MINI_PROJECT.md,21,18,86,0
labs/ai/27-meta-learning/QUIZ/QUIZ.md,21,18,86,0
labs/ai/27-meta-learning/REAL_WORLD_PROJECT/REAL_WORLD_PROJECT.md,21,18,86,0
labs/ai/27-meta-learning/THEORY/THEORY.md,21,18,86,0
labs/ai/28-explainable-ai/QUIZ/QUIZ.md,21,18,86,0
labs/data-science/analysis-deep/01-data-wrangling/HOW_IT_WORKS.md,14,12,86,0
labs/data-science/analysis-deep/02-visualization-fundamentals/HOW_IT_WORKS.md,14,12,86,0
labs/data-science/analysis-deep/03-descriptive-statistics/HOW_IT_WORKS.md,14,12,86,0
labs/data-science/analysis-deep/04-exploratory-analysis/HISTORY.md,7,6,86,0
labs/data-science/analysis-deep/04-exploratory-analysis/HOW_IT_WORKS.md,14,12,86,0
labs/data-science/analysis-deep/05-feature-engineering/HOW_IT_WORKS.md,14,12,86,0
labs/data-science/analysis-deep/06-time-series-analysis/HISTORY.md,7,6,86,0
labs/data-science/analysis-deep/06-time-series-analysis/HOW_IT_WORKS.md,14,12,86,0
labs/data-science/analysis-deep/07-causal-inference/HOW_IT_WORKS.md,14,12,86,0
labs/data-science/analysis-deep/08-experimentation/HISTORY.md,7,6,86,0
labs/data-science/analysis-deep/08-experimentation/HOW_IT_WORKS.md,14,12,86,0
labs/data-science/analysis-deep/09-anomaly-detection/HISTORY.md,7,6,86,0
labs/data-science/analysis-deep/09-anomaly-detection/HOW_IT_WORKS.md,14,12,86,0
labs/data-science/analysis-deep/10-data-pipelines/HOW_IT_WORKS.md,14,12,86,0
labs/data-science/ml-pipelines-deep/01-feature-stores/HOW_IT_WORKS.md,14,12,86,0
labs/data-science/ml-pipelines-deep/02-model-training-pipelines/HISTORY.md,7,6,86,0
labs/data-science/ml-pipelines-deep/02-model-training-pipelines/HOW_IT_WORKS.md,14,12,86,0
labs/data-science/ml-pipelines-deep/03-model-evaluation/HOW_IT_WORKS.md,14,12,86,0
labs/data-science/ml-pipelines-deep/04-model-interpretability/HOW_IT_WORKS.md,14,12,86,0
labs/data-science/ml-pipelines-deep/05-model-serving/HOW_IT_WORKS.md,14,12,86,0
labs/data-science/ml-pipelines-deep/06-model-monitoring/HOW_IT_WORKS.md,14,12,86,0
labs/data-science/ml-pipelines-deep/07-mlops-orchestration/HOW_IT_WORKS.md,14,12,86,0
labs/data-science/ml-pipelines-deep/08-fraud-detection-system/HISTORY.md,7,6,86,0
labs/data-science/ml-pipelines-deep/08-fraud-detection-system/HOW_IT_WORKS.md,14,12,86,0
labs/math/discrete-deep/02-set-theory/HOW_IT_WORKS.md,14,12,86,0
labs/math/discrete-deep/03-combinatorics/HOW_IT_WORKS.md,14,12,86,0
labs/math/discrete-deep/04-graph-theory/HOW_IT_WORKS.md,14,12,86,0
labs/math/discrete-deep/05-generating-functions/HOW_IT_WORKS.md,14,12,86,0
labs/math/discrete-deep/06-number-theory/HOW_IT_WORKS.md,14,12,86,0
labs/math/linear-algebra-deep/01-vector-spaces/HOW_IT_WORKS.md,14,12,86,0
labs/math/linear-algebra-deep/02-linear-transformations/HOW_IT_WORKS.md,14,12,86,0
labs/math/linear-algebra-deep/03-matrix-decompositions/HOW_IT_WORKS.md,14,12,86,0
labs/math/linear-algebra-deep/04-eigenvalues-advanced/HOW_IT_WORKS.md,14,12,86,0
labs/math/linear-algebra-deep/05-inner-products-norms/HISTORY.md,7,6,86,0
labs/math/linear-algebra-deep/05-inner-products-norms/HOW_IT_WORKS.md,14,12,86,0
labs/math/linear-algebra-deep/06-dual-spaces-tensors/HISTORY.md,7,6,86,0
labs/math/linear-algebra-deep/06-dual-spaces-tensors/HOW_IT_WORKS.md,14,12,86,0
labs/math/linear-algebra-deep/07-applied-linear-algebra/HISTORY.md,7,6,86,0
labs/math/linear-algebra-deep/07-applied-linear-algebra/HOW_IT_WORKS.md,14,12,86,0
labs/math/linear-algebra-deep/08-matrix-calculus/HOW_IT_WORKS.md,14,12,86,0
labs/math/probability-deep/01-probability-axioms/HOW_IT_WORKS.md,14,12,86,0
labs/math/probability-deep/02-random-variables/HOW_IT_WORKS.md,14,12,86,0
labs/math/probability-deep/03-distributions/HOW_IT_WORKS.md,14,12,86,0
labs/math/probability-deep/04-multivariate-statistics/HOW_IT_WORKS.md,14,12,86,0
labs/math/probability-deep/05-law-large-numbers/HISTORY.md,7,6,86,0
labs/math/probability-deep/05-law-large-numbers/HOW_IT_WORKS.md,14,12,86,0
labs/math/probability-deep/06-estimation-theory/HOW_IT_WORKS.md,14,12,86,0
labs/math/probability-deep/07-hypothesis-testing/HOW_IT_WORKS.md,14,12,86,0
labs/math/probability-deep/08-bayesian-statistics/HOW_IT_WORKS.md,14,12,86,0
labs/data-science/analysis-deep/01-data-wrangling/README.md,19,16,84,0
labs/data-science/analysis-deep/02-visualization-fundamentals/README.md,19,16,84,0
labs/data-science/analysis-deep/03-descriptive-statistics/README.md,19,16,84,0
labs/data-science/analysis-deep/04-exploratory-analysis/README.md,19,16,84,0
labs/data-science/analysis-deep/05-feature-engineering/README.md,19,16,84,0
labs/data-science/analysis-deep/06-time-series-analysis/README.md,19,16,84,0
labs/data-science/analysis-deep/07-causal-inference/README.md,19,16,84,0
labs/data-science/analysis-deep/09-anomaly-detection/README.md,19,16,84,0
labs/data-science/analysis-deep/10-data-pipelines/README.md,19,16,84,0
labs/data-science/ml-pipelines-deep/01-feature-stores/README.md,19,16,84,0
labs/data-science/ml-pipelines-deep/02-model-training-pipelines/README.md,19,16,84,0
labs/data-science/ml-pipelines-deep/03-model-evaluation/README.md,19,16,84,0
labs/data-science/ml-pipelines-deep/04-model-interpretability/README.md,19,16,84,0
labs/data-science/ml-pipelines-deep/05-model-serving/README.md,19,16,84,0
labs/data-science/ml-pipelines-deep/06-model-monitoring/README.md,19,16,84,0
labs/data-science/ml-pipelines-deep/07-mlops-orchestration/README.md,19,16,84,0
labs/data-science/ml-pipelines-deep/08-fraud-detection-system/README.md,19,16,84,0
labs/math/calculus-deep/01-limits-continuity/README.md,19,16,84,0
labs/math/calculus-deep/03-derivative-applications/README.md,19,16,84,0
labs/math/calculus-deep/04-integral-fundamentals/README.md,19,16,84,0
labs/math/calculus-deep/05-integration-techniques/README.md,19,16,84,0
labs/math/calculus-deep/06-differential-equations/README.md,19,16,84,0
labs/math/calculus-deep/07-multivariable-calculus/README.md,19,16,84,0
labs/math/calculus-deep/08-vector-calculus/README.md,19,16,84,0
labs/math/discrete-deep/01-logic-proofs/README.md,19,16,84,0
labs/math/discrete-deep/02-set-theory/README.md,19,16,84,0
labs/math/discrete-deep/03-combinatorics/README.md,19,16,84,0
labs/math/discrete-deep/04-graph-theory/README.md,19,16,84,0
labs/math/discrete-deep/05-generating-functions/README.md,19,16,84,0
labs/math/discrete-deep/06-number-theory/README.md,19,16,84,0
labs/math/linear-algebra-deep/01-vector-spaces/README.md,19,16,84,0
labs/math/linear-algebra-deep/02-linear-transformations/README.md,19,16,84,0
labs/math/linear-algebra-deep/03-matrix-decompositions/README.md,19,16,84,0
labs/math/linear-algebra-deep/04-eigenvalues-advanced/README.md,19,16,84,0
labs/math/linear-algebra-deep/07-applied-linear-algebra/README.md,19,16,84,0
labs/math/linear-algebra-deep/08-matrix-calculus/README.md,19,16,84,0
labs/math/probability-deep/01-probability-axioms/README.md,19,16,84,0
labs/math/probability-deep/02-random-variables/README.md,19,16,84,0
labs/math/probability-deep/03-distributions/README.md,19,16,84,0
labs/math/probability-deep/04-multivariate-statistics/README.md,19,16,84,0
labs/math/probability-deep/06-estimation-theory/README.md,19,16,84,0
labs/math/probability-deep/07-hypothesis-testing/README.md,19,16,84,0
labs/math/probability-deep/08-bayesian-statistics/README.md,19,16,84,0
labs/algorithms/13-dp-lcs/VISION.md,29,24,83,0
labs/algorithms/13-parallel-algorithms/VISION.md,29,24,83,0
labs/algorithms/14-approximation-algorithms/VISION.md,29,24,83,0
labs/algorithms/14-dp-lis/VISION.md,29,24,83,0
labs/algorithms/15-cryptographic-algorithms/VISION.md,29,24,83,0
labs/algorithms/15-dp-matrix/VISION.md,29,24,83,0
labs/algorithms/16-greedy/VISION.md,29,24,83,0
labs/algorithms/16-string-matching/VISION.md,29,24,83,0
labs/algorithms/17-network-flow/VISION.md,29,24,83,0
labs/algorithms/17-two-pointers/VISION.md,29,24,83,0
labs/algorithms/18-computational-geometry/VISION.md,29,24,83,0
labs/algorithms/18-sliding-window/VISION.md,29,24,83,0
labs/algorithms/19-backtracking/VISION.md,29,24,83,0
labs/algorithms/19-number-theory/VISION.md,29,24,83,0
labs/algorithms/20-bit-manipulation/VISION.md,29,24,83,0
labs/algorithms/20-randomized-algorithms/VISION.md,29,24,83,0
labs/algorithms/21-caching-algorithms/VISION.md,29,24,83,0
labs/algorithms/22-game-theory/VISION.md,29,24,83,0
labs/algorithms/23-load-balancing/VISION.md,29,24,83,0
labs/algorithms/24-scheduling-algorithms/VISION.md,29,24,83,0
labs/algorithms/25-optimization-algorithms/VISION.md,29,24,83,0
labs/algorithms/26-bit-manipulation/VISION.md,29,24,83,0
labs/algorithms/27-suffix-array/VISION.md,29,24,83,0
labs/algorithms/28-push-relabel-flow/VISION.md,29,24,83,0
labs/algorithms/29-fft/VISION.md,29,24,83,0
labs/algorithms/30-linear-programming/VISION.md,29,24,83,0
labs/algorithms/31-online-algorithms/VISION.md,29,24,83,0
labs/algorithms/32-exact-exponential/VISION.md,29,24,83,0
labs/algorithms/33-matrix-algorithms/VISION.md,29,24,83,0
labs/algorithms/34-data-stream-algorithms/VISION.md,29,24,83,0
labs/algorithms/35-quantum-simulation/VISION.md,29,24,83,0
labs/algorithms/36-bloom-filter-variants/VISION.md,29,24,83,0
labs/algorithms/37-graph-coloring-clique/VISION.md,29,24,83,0
labs/algorithms/38-mst-variants/VISION.md,29,24,83,0
labs/algorithms/39-number-theory-advanced/VISION.md,29,24,83,0
labs/algorithms/40-string-algorithms-advanced/VISION.md,29,24,83,0
labs/data-science/analysis-deep/01-data-wrangling/FLASHCARDS.md,18,15,83,0
labs/data-science/analysis-deep/01-data-wrangling/REFERENCES.md,12,10,83,0
labs/data-science/analysis-deep/01-data-wrangling/WHY_IT_MATTERS.md,6,5,83,0
labs/data-science/analysis-deep/02-visualization-fundamentals/FLASHCARDS.md,18,15,83,0
labs/data-science/analysis-deep/02-visualization-fundamentals/REFERENCES.md,12,10,83,0
labs/data-science/analysis-deep/02-visualization-fundamentals/WHY_IT_MATTERS.md,6,5,83,0
labs/data-science/analysis-deep/03-descriptive-statistics/FLASHCARDS.md,18,15,83,0
labs/data-science/analysis-deep/03-descriptive-statistics/REFERENCES.md,12,10,83,0
labs/data-science/analysis-deep/03-descriptive-statistics/WHY_IT_MATTERS.md,6,5,83,0
labs/data-science/analysis-deep/04-exploratory-analysis/WHY_IT_MATTERS.md,6,5,83,0
labs/data-science/analysis-deep/05-feature-engineering/FLASHCARDS.md,18,15,83,0
labs/data-science/analysis-deep/05-feature-engineering/REFERENCES.md,12,10,83,0
labs/data-science/analysis-deep/05-feature-engineering/WHY_IT_MATTERS.md,6,5,83,0
labs/data-science/analysis-deep/06-time-series-analysis/WHY_IT_MATTERS.md,6,5,83,0
labs/data-science/analysis-deep/07-causal-inference/FLASHCARDS.md,18,15,83,0
labs/data-science/analysis-deep/07-causal-inference/REFERENCES.md,12,10,83,0
labs/data-science/analysis-deep/07-causal-inference/WHY_IT_MATTERS.md,6,5,83,0
labs/data-science/analysis-deep/08-experimentation/WHY_IT_MATTERS.md,6,5,83,0
labs/data-science/analysis-deep/09-anomaly-detection/WHY_IT_MATTERS.md,6,5,83,0
labs/data-science/analysis-deep/10-data-pipelines/FLASHCARDS.md,18,15,83,0
labs/data-science/analysis-deep/10-data-pipelines/REFERENCES.md,12,10,83,0
labs/data-science/analysis-deep/10-data-pipelines/WHY_IT_MATTERS.md,6,5,83,0
labs/data-science/ml-pipelines-deep/01-feature-stores/FLASHCARDS.md,18,15,83,0
labs/data-science/ml-pipelines-deep/01-feature-stores/REFERENCES.md,12,10,83,0
labs/data-science/ml-pipelines-deep/01-feature-stores/WHY_IT_MATTERS.md,6,5,83,0
labs/data-science/ml-pipelines-deep/02-model-training-pipelines/WHY_IT_MATTERS.md,6,5,83,0
labs/data-science/ml-pipelines-deep/03-model-evaluation/FLASHCARDS.md,18,15,83,0
labs/data-science/ml-pipelines-deep/03-model-evaluation/REFERENCES.md,12,10,83,0
labs/data-science/ml-pipelines-deep/03-model-evaluation/WHY_IT_MATTERS.md,6,5,83,0
labs/data-science/ml-pipelines-deep/04-model-interpretability/FLASHCARDS.md,18,15,83,0
labs/data-science/ml-pipelines-deep/04-model-interpretability/REFERENCES.md,12,10,83,0
labs/data-science/ml-pipelines-deep/04-model-interpretability/WHY_IT_MATTERS.md,6,5,83,0
labs/data-science/ml-pipelines-deep/05-model-serving/FLASHCARDS.md,18,15,83,0
labs/data-science/ml-pipelines-deep/05-model-serving/REFERENCES.md,12,10,83,0
labs/data-science/ml-pipelines-deep/05-model-serving/WHY_IT_MATTERS.md,6,5,83,0
labs/data-science/ml-pipelines-deep/06-model-monitoring/FLASHCARDS.md,18,15,83,0
labs/data-science/ml-pipelines-deep/06-model-monitoring/REFERENCES.md,12,10,83,0
labs/data-science/ml-pipelines-deep/06-model-monitoring/WHY_IT_MATTERS.md,6,5,83,0
labs/data-science/ml-pipelines-deep/07-mlops-orchestration/FLASHCARDS.md,18,15,83,0
labs/data-science/ml-pipelines-deep/07-mlops-orchestration/REFERENCES.md,12,10,83,0
labs/data-science/ml-pipelines-deep/07-mlops-orchestration/WHY_IT_MATTERS.md,6,5,83,0
labs/data-science/ml-pipelines-deep/08-fraud-detection-system/WHY_IT_MATTERS.md,6,5,83,0
labs/math/discrete-deep/02-set-theory/FLASHCARDS.md,18,15,83,0
labs/math/discrete-deep/02-set-theory/REFERENCES.md,12,10,83,0
labs/math/discrete-deep/02-set-theory/WHY_IT_MATTERS.md,6,5,83,0
labs/math/discrete-deep/03-combinatorics/FLASHCARDS.md,18,15,83,0
labs/math/discrete-deep/03-combinatorics/REFERENCES.md,12,10,83,0
labs/math/discrete-deep/03-combinatorics/WHY_IT_MATTERS.md,6,5,83,0
labs/math/discrete-deep/04-graph-theory/FLASHCARDS.md,18,15,83,0
labs/math/discrete-deep/04-graph-theory/REFERENCES.md,12,10,83,0
labs/math/discrete-deep/04-graph-theory/WHY_IT_MATTERS.md,6,5,83,0
labs/math/discrete-deep/05-generating-functions/FLASHCARDS.md,18,15,83,0
labs/math/discrete-deep/05-generating-functions/REFERENCES.md,12,10,83,0
labs/math/discrete-deep/05-generating-functions/WHY_IT_MATTERS.md,6,5,83,0
labs/math/discrete-deep/06-number-theory/FLASHCARDS.md,18,15,83,0
labs/math/discrete-deep/06-number-theory/REFERENCES.md,12,10,83,0
labs/math/discrete-deep/06-number-theory/WHY_IT_MATTERS.md,6,5,83,0
labs/math/linear-algebra-deep/01-vector-spaces/FLASHCARDS.md,18,15,83,0
labs/math/linear-algebra-deep/01-vector-spaces/REFERENCES.md,12,10,83,0
labs/math/linear-algebra-deep/01-vector-spaces/WHY_IT_MATTERS.md,6,5,83,0
labs/math/linear-algebra-deep/02-linear-transformations/FLASHCARDS.md,18,15,83,0
labs/math/linear-algebra-deep/02-linear-transformations/REFERENCES.md,12,10,83,0
labs/math/linear-algebra-deep/02-linear-transformations/WHY_IT_MATTERS.md,6,5,83,0
labs/math/linear-algebra-deep/03-matrix-decompositions/FLASHCARDS.md,18,15,83,0
labs/math/linear-algebra-deep/03-matrix-decompositions/REFERENCES.md,12,10,83,0
labs/math/linear-algebra-deep/03-matrix-decompositions/WHY_IT_MATTERS.md,6,5,83,0
labs/math/linear-algebra-deep/04-eigenvalues-advanced/FLASHCARDS.md,18,15,83,0
labs/math/linear-algebra-deep/04-eigenvalues-advanced/REFERENCES.md,12,10,83,0
labs/math/linear-algebra-deep/04-eigenvalues-advanced/WHY_IT_MATTERS.md,6,5,83,0
labs/math/linear-algebra-deep/05-inner-products-norms/WHY_IT_MATTERS.md,6,5,83,0
labs/math/linear-algebra-deep/06-dual-spaces-tensors/WHY_IT_MATTERS.md,6,5,83,0
labs/math/linear-algebra-deep/07-applied-linear-algebra/WHY_IT_MATTERS.md,6,5,83,0
labs/math/linear-algebra-deep/08-matrix-calculus/FLASHCARDS.md,18,15,83,0
labs/math/linear-algebra-deep/08-matrix-calculus/REFERENCES.md,12,10,83,0
labs/math/linear-algebra-deep/08-matrix-calculus/WHY_IT_MATTERS.md,6,5,83,0
labs/math/probability-deep/01-probability-axioms/FLASHCARDS.md,18,15,83,0
labs/math/probability-deep/01-probability-axioms/REFERENCES.md,12,10,83,0
labs/math/probability-deep/01-probability-axioms/WHY_IT_MATTERS.md,6,5,83,0
labs/math/probability-deep/02-random-variables/FLASHCARDS.md,18,15,83,0
labs/math/probability-deep/02-random-variables/REFERENCES.md,12,10,83,0
labs/math/probability-deep/02-random-variables/WHY_IT_MATTERS.md,6,5,83,0
labs/math/probability-deep/03-distributions/FLASHCARDS.md,18,15,83,0
labs/math/probability-deep/03-distributions/REFERENCES.md,12,10,83,0
labs/math/probability-deep/03-distributions/WHY_IT_MATTERS.md,6,5,83,0
labs/math/probability-deep/04-multivariate-statistics/FLASHCARDS.md,18,15,83,0
labs/math/probability-deep/04-multivariate-statistics/REFERENCES.md,12,10,83,0
labs/math/probability-deep/04-multivariate-statistics/WHY_IT_MATTERS.md,6,5,83,0
labs/math/probability-deep/05-law-large-numbers/WHY_IT_MATTERS.md,6,5,83,0
labs/math/probability-deep/06-estimation-theory/FLASHCARDS.md,18,15,83,0
labs/math/probability-deep/06-estimation-theory/REFERENCES.md,12,10,83,0
labs/math/probability-deep/06-estimation-theory/WHY_IT_MATTERS.md,6,5,83,0
labs/math/probability-deep/07-hypothesis-testing/FLASHCARDS.md,18,15,83,0
labs/math/probability-deep/07-hypothesis-testing/REFERENCES.md,12,10,83,0
labs/math/probability-deep/07-hypothesis-testing/WHY_IT_MATTERS.md,6,5,83,0
labs/math/probability-deep/08-bayesian-statistics/FLASHCARDS.md,18,15,83,0
labs/math/probability-deep/08-bayesian-statistics/REFERENCES.md,12,10,83,0
labs/math/probability-deep/08-bayesian-statistics/WHY_IT_MATTERS.md,6,5,83,0
labs/ai/21-reinforcement-learning/CODE_DEEP_DIVE/CODE_DEEP_DIVE.md,22,18,82,0
labs/ai/21-reinforcement-learning/EXERCISES/EXERCISES.md,22,18,82,0
labs/ai/21-reinforcement-learning/MATH_FOUNDATION/MATH_FOUNDATION.md,22,18,82,0
labs/ai/21-reinforcement-learning/MINI_PROJECT/MINI_PROJECT.md,22,18,82,0
labs/ai/21-reinforcement-learning/QUIZ/QUIZ.md,22,18,82,0
labs/ai/21-reinforcement-learning/REAL_WORLD_PROJECT/REAL_WORLD_PROJECT.md,22,18,82,0
labs/ai/21-reinforcement-learning/THEORY/THEORY.md,22,18,82,0
labs/ai/22-gans/CODE_DEEP_DIVE/CODE_DEEP_DIVE.md,22,18,82,0
labs/ai/22-gans/EXERCISES/EXERCISES.md,22,18,82,0
labs/ai/22-gans/MATH_FOUNDATION/MATH_FOUNDATION.md,22,18,82,0
labs/ai/22-gans/MINI_PROJECT/MINI_PROJECT.md,22,18,82,0
labs/ai/22-gans/QUIZ/QUIZ.md,22,18,82,0
labs/ai/22-gans/REAL_WORLD_PROJECT/REAL_WORLD_PROJECT.md,22,18,82,0
labs/ai/22-gans/THEORY/THEORY.md,22,18,82,0
labs/ai/23-variational-autoencoders/CODE_DEEP_DIVE/CODE_DEEP_DIVE.md,22,18,82,0
labs/ai/23-variational-autoencoders/EXERCISES/EXERCISES.md,22,18,82,0
labs/ai/23-variational-autoencoders/MATH_FOUNDATION/MATH_FOUNDATION.md,22,18,82,0
labs/ai/23-variational-autoencoders/MINI_PROJECT/MINI_PROJECT.md,22,18,82,0
labs/ai/23-variational-autoencoders/QUIZ/QUIZ.md,22,18,82,0
labs/ai/23-variational-autoencoders/REAL_WORLD_PROJECT/REAL_WORLD_PROJECT.md,22,18,82,0
labs/ai/23-variational-autoencoders/THEORY/THEORY.md,22,18,82,0
labs/ai/24-graph-neural-networks/CODE_DEEP_DIVE/CODE_DEEP_DIVE.md,22,18,82,0
labs/ai/24-graph-neural-networks/EXERCISES/EXERCISES.md,22,18,82,0
labs/ai/24-graph-neural-networks/MATH_FOUNDATION/MATH_FOUNDATION.md,22,18,82,0
labs/ai/24-graph-neural-networks/MINI_PROJECT/MINI_PROJECT.md,22,18,82,0
labs/ai/24-graph-neural-networks/QUIZ/QUIZ.md,22,18,82,0
labs/ai/24-graph-neural-networks/REAL_WORLD_PROJECT/REAL_WORLD_PROJECT.md,22,18,82,0
labs/ai/24-graph-neural-networks/THEORY/THEORY.md,22,18,82,0
labs/ai/25-self-supervised-learning/CODE_DEEP_DIVE/CODE_DEEP_DIVE.md,22,18,82,0
labs/ai/25-self-supervised-learning/EXERCISES/EXERCISES.md,22,18,82,0
labs/ai/25-self-supervised-learning/MATH_FOUNDATION/MATH_FOUNDATION.md,22,18,82,0
labs/ai/25-self-supervised-learning/MINI_PROJECT/MINI_PROJECT.md,22,18,82,0
labs/ai/25-self-supervised-learning/QUIZ/QUIZ.md,22,18,82,0
labs/ai/25-self-supervised-learning/REAL_WORLD_PROJECT/REAL_WORLD_PROJECT.md,22,18,82,0
labs/ai/25-self-supervised-learning/THEORY/THEORY.md,22,18,82,0
labs/ai/26-multi-task-learning/CODE_DEEP_DIVE/CODE_DEEP_DIVE.md,22,18,82,0
labs/ai/26-multi-task-learning/EXERCISES/EXERCISES.md,22,18,82,0
labs/ai/26-multi-task-learning/MATH_FOUNDATION/MATH_FOUNDATION.md,22,18,82,0
labs/ai/26-multi-task-learning/MINI_PROJECT/MINI_PROJECT.md,22,18,82,0
labs/ai/26-multi-task-learning/QUIZ/QUIZ.md,22,18,82,0
labs/ai/26-multi-task-learning/REAL_WORLD_PROJECT/REAL_WORLD_PROJECT.md,22,18,82,0
labs/ai/26-multi-task-learning/THEORY/THEORY.md,22,18,82,0
labs/ai/28-explainable-ai/CODE_DEEP_DIVE/CODE_DEEP_DIVE.md,22,18,82,0
labs/ai/28-explainable-ai/EXERCISES/EXERCISES.md,22,18,82,0
labs/ai/28-explainable-ai/MATH_FOUNDATION/MATH_FOUNDATION.md,22,18,82,0
labs/ai/28-explainable-ai/MINI_PROJECT/MINI_PROJECT.md,22,18,82,0
labs/ai/28-explainable-ai/REAL_WORLD_PROJECT/REAL_WORLD_PROJECT.md,22,18,82,0
labs/ai/28-explainable-ai/THEORY/THEORY.md,22,18,82,0
labs/ai/29-federated-learning/CODE_DEEP_DIVE/CODE_DEEP_DIVE.md,22,18,82,0
labs/ai/29-federated-learning/EXERCISES/EXERCISES.md,22,18,82,0
labs/ai/29-federated-learning/MATH_FOUNDATION/MATH_FOUNDATION.md,22,18,82,0
labs/ai/29-federated-learning/MINI_PROJECT/MINI_PROJECT.md,22,18,82,0
labs/ai/29-federated-learning/QUIZ/QUIZ.md,22,18,82,0
labs/ai/29-federated-learning/REAL_WORLD_PROJECT/REAL_WORLD_PROJECT.md,22,18,82,0
labs/ai/29-federated-learning/THEORY/THEORY.md,22,18,82,0
labs/ai/30-ai-safety-alignment/CODE_DEEP_DIVE/CODE_DEEP_DIVE.md,22,18,82,0
labs/ai/30-ai-safety-alignment/EXERCISES/EXERCISES.md,22,18,82,0
labs/ai/30-ai-safety-alignment/MATH_FOUNDATION/MATH_FOUNDATION.md,22,18,82,0
labs/ai/30-ai-safety-alignment/MINI_PROJECT/MINI_PROJECT.md,22,18,82,0
labs/ai/30-ai-safety-alignment/QUIZ/QUIZ.md,22,18,82,0
labs/ai/30-ai-safety-alignment/REAL_WORLD_PROJECT/REAL_WORLD_PROJECT.md,22,18,82,0
labs/ai/30-ai-safety-alignment/THEORY/THEORY.md,22,18,82,0
labs/algorithms/13-dp-lcs/MATH_FOUNDATION.md,43,35,81,0
labs/algorithms/13-parallel-algorithms/MATH_FOUNDATION.md,43,35,81,0
labs/algorithms/14-dp-lis/MATH_FOUNDATION.md,43,35,81,0
labs/algorithms/15-cryptographic-algorithms/MATH_FOUNDATION.md,43,35,81,0
labs/algorithms/15-dp-matrix/MATH_FOUNDATION.md,43,35,81,0
labs/algorithms/16-greedy/MATH_FOUNDATION.md,43,35,81,0
labs/algorithms/16-string-matching/MATH_FOUNDATION.md,43,35,81,0
labs/algorithms/17-network-flow/MATH_FOUNDATION.md,43,35,81,0
labs/algorithms/17-two-pointers/MATH_FOUNDATION.md,43,35,81,0
labs/algorithms/18-computational-geometry/MATH_FOUNDATION.md,43,35,81,0
labs/algorithms/18-sliding-window/MATH_FOUNDATION.md,43,35,81,0
labs/algorithms/19-backtracking/MATH_FOUNDATION.md,43,35,81,0
labs/algorithms/19-number-theory/MATH_FOUNDATION.md,43,35,81,0
labs/algorithms/20-bit-manipulation/MATH_FOUNDATION.md,43,35,81,0
labs/algorithms/20-randomized-algorithms/MATH_FOUNDATION.md,43,35,81,0
labs/algorithms/21-caching-algorithms/MATH_FOUNDATION.md,43,35,81,0
labs/algorithms/22-game-theory/MATH_FOUNDATION.md,43,35,81,0
labs/algorithms/23-load-balancing/MATH_FOUNDATION.md,43,35,81,0
labs/algorithms/24-scheduling-algorithms/MATH_FOUNDATION.md,43,35,81,0
labs/algorithms/25-optimization-algorithms/MATH_FOUNDATION.md,43,35,81,0
labs/data-science/analysis-deep/08-experimentation/README.md,20,16,80,0
labs/math/calculus-deep/02-derivatives-rules/README.md,20,16,80,0
labs/math/linear-algebra-deep/05-inner-products-norms/README.md,20,16,80,0
labs/math/linear-algebra-deep/06-dual-spaces-tensors/README.md,20,16,80,0
labs/math/probability-deep/05-law-large-numbers/README.md,20,16,80,0
labs/algorithms/advanced-algo-deep/VISION.md,29,23,79,0
labs/algorithms/data-structures/VISION.md,29,23,79,0
labs/algorithms/dp-deep/VISION.md,29,23,79,0
labs/algorithms/dynamic-programming/VISION.md,29,23,79,0
labs/algorithms/graph-algorithms-deep/VISION.md,29,23,79,0
labs/algorithms/searching/VISION.md,29,23,79,0
labs/algorithms/sorting-searching-deep/VISION.md,29,23,79,0
labs/algorithms/sorting/VISION.md,29,23,79,0
labs/data-science/analysis-deep/01-data-wrangling/INTERVIEW.md,14,11,79,0
labs/data-science/analysis-deep/02-visualization-fundamentals/INTERVIEW.md,14,11,79,0
labs/data-science/analysis-deep/03-descriptive-statistics/INTERVIEW.md,14,11,79,0
labs/data-science/analysis-deep/04-exploratory-analysis/FLASHCARDS.md,19,15,79,0
labs/data-science/analysis-deep/05-feature-engineering/INTERVIEW.md,14,11,79,0
labs/data-science/analysis-deep/06-time-series-analysis/FLASHCARDS.md,19,15,79,0
labs/data-science/analysis-deep/07-causal-inference/INTERVIEW.md,14,11,79,0
labs/data-science/analysis-deep/08-experimentation/FLASHCARDS.md,19,15,79,0
labs/data-science/analysis-deep/09-anomaly-detection/FLASHCARDS.md,19,15,79,0
labs/data-science/analysis-deep/10-data-pipelines/INTERVIEW.md,14,11,79,0
labs/data-science/ml-pipelines-deep/01-feature-stores/INTERVIEW.md,14,11,79,0
labs/data-science/ml-pipelines-deep/02-model-training-pipelines/FLASHCARDS.md,19,15,79,0
labs/data-science/ml-pipelines-deep/03-model-evaluation/INTERVIEW.md,14,11,79,0
labs/data-science/ml-pipelines-deep/04-model-interpretability/INTERVIEW.md,14,11,79,0
labs/data-science/ml-pipelines-deep/05-model-serving/INTERVIEW.md,14,11,79,0
labs/data-science/ml-pipelines-deep/06-model-monitoring/INTERVIEW.md,14,11,79,0
labs/data-science/ml-pipelines-deep/07-mlops-orchestration/INTERVIEW.md,14,11,79,0
labs/data-science/ml-pipelines-deep/08-fraud-detection-system/FLASHCARDS.md,19,15,79,0
labs/databases/01-relational-databases/REAL_WORLD_PROJECT.md,80,63,79,0
labs/databases/01-sql-basics/REAL_WORLD_PROJECT.md,80,63,79,0
labs/databases/02-joins/REAL_WORLD_PROJECT.md,80,63,79,0
labs/databases/02-sql-fundamentals/REAL_WORLD_PROJECT.md,80,63,79,0
labs/databases/03-postgresql/REAL_WORLD_PROJECT.md,80,63,79,0
labs/databases/03-subqueries/REAL_WORLD_PROJECT.md,80,63,79,0
labs/databases/04-ctes/REAL_WORLD_PROJECT.md,80,63,79,0
labs/databases/04-mongodb/REAL_WORLD_PROJECT.md,80,63,79,0
labs/databases/05-redis/REAL_WORLD_PROJECT.md,80,63,79,0
labs/databases/05-window-functions/REAL_WORLD_PROJECT.md,80,63,79,0
labs/databases/06-aggregation/REAL_WORLD_PROJECT.md,80,63,79,0
labs/databases/06-jdbc-jpa/REAL_WORLD_PROJECT.md,80,63,79,0
labs/databases/07-spring-data/REAL_WORLD_PROJECT.md,80,63,79,0
labs/databases/08-flyway-liquibase/REAL_WORLD_PROJECT.md,80,63,79,0
labs/databases/09-query-optimization/REAL_WORLD_PROJECT.md,80,63,79,0
labs/databases/09-r2dbc/REAL_WORLD_PROJECT.md,80,63,79,0
labs/databases/10-connection-pooling/REAL_WORLD_PROJECT.md,80,63,79,0
labs/databases/10-transactions/REAL_WORLD_PROJECT.md,80,63,79,0
labs/databases/11-query-optimization/REAL_WORLD_PROJECT.md,80,63,79,0
labs/databases/12-multi-model-databases/REAL_WORLD_PROJECT.md,80,63,79,0
labs/databases/12-plsql-fundamentals/REAL_WORLD_PROJECT.md,80,63,79,0
labs/databases/13-database-sharding/REAL_WORLD_PROJECT.md,80,63,79,0
labs/databases/14-database-replication/REAL_WORLD_PROJECT.md,80,63,79,0
labs/databases/15-query-optimization/REAL_WORLD_PROJECT.md,80,63,79,0
labs/databases/16-database-testing/REAL_WORLD_PROJECT.md,80,63,79,0
labs/databases/17-cassandra-nosql/REAL_WORLD_PROJECT.md,80,63,79,0
labs/databases/17-oracle-architecture/REAL_WORLD_PROJECT.md,80,63,79,0
labs/databases/18-cockroachdb/REAL_WORLD_PROJECT.md,80,63,79,0
labs/databases/19-database-migration-strategies/REAL_WORLD_PROJECT.md,80,63,79,0
labs/databases/20-database-security/REAL_WORLD_PROJECT.md,80,63,79,0
labs/databases/21-advanced-sql/REAL_WORLD_PROJECT.md,80,63,79,0
labs/databases/22-pl-sql-foundations/REAL_WORLD_PROJECT.md,80,63,79,0
labs/databases/23-pl-sql-advanced/REAL_WORLD_PROJECT.md,80,63,79,0
labs/databases/SQL_SOLUTIONS/REAL_WORLD_PROJECT.md,80,63,79,0
labs/databases/databases-deep/REAL_WORLD_PROJECT.md,80,63,79,0
labs/math/discrete-deep/01-logic-proofs/FLASHCARDS.md,19,15,79,0
labs/math/discrete-deep/02-set-theory/INTERVIEW.md,14,11,79,0
labs/math/discrete-deep/03-combinatorics/INTERVIEW.md,14,11,79,0
labs/math/discrete-deep/04-graph-theory/INTERVIEW.md,14,11,79,0
labs/math/discrete-deep/05-generating-functions/INTERVIEW.md,14,11,79,0
labs/math/discrete-deep/06-number-theory/INTERVIEW.md,14,11,79,0
labs/math/linear-algebra-deep/01-vector-spaces/INTERVIEW.md,14,11,79,0
labs/math/linear-algebra-deep/02-linear-transformations/INTERVIEW.md,14,11,79,0
labs/math/linear-algebra-deep/03-matrix-decompositions/INTERVIEW.md,14,11,79,0
labs/math/linear-algebra-deep/04-eigenvalues-advanced/INTERVIEW.md,14,11,79,0
labs/math/linear-algebra-deep/05-inner-products-norms/FLASHCARDS.md,19,15,79,0
labs/math/linear-algebra-deep/06-dual-spaces-tensors/FLASHCARDS.md,19,15,79,0
labs/math/linear-algebra-deep/07-applied-linear-algebra/FLASHCARDS.md,19,15,79,0
labs/math/linear-algebra-deep/08-matrix-calculus/INTERVIEW.md,14,11,79,0
labs/math/probability-deep/01-probability-axioms/INTERVIEW.md,14,11,79,0
labs/math/probability-deep/02-random-variables/INTERVIEW.md,14,11,79,0
labs/math/probability-deep/03-distributions/INTERVIEW.md,14,11,79,0
labs/math/probability-deep/04-multivariate-statistics/INTERVIEW.md,14,11,79,0
labs/math/probability-deep/05-law-large-numbers/FLASHCARDS.md,19,15,79,0
labs/math/probability-deep/06-estimation-theory/INTERVIEW.md,14,11,79,0
labs/math/probability-deep/07-hypothesis-testing/INTERVIEW.md,14,11,79,0
labs/math/probability-deep/08-bayesian-statistics/INTERVIEW.md,14,11,79,0
labs/data-science/analysis-deep/01-data-wrangling/VISUAL_GUIDE.md,9,7,78,0
labs/data-science/analysis-deep/02-visualization-fundamentals/VISUAL_GUIDE.md,9,7,78,0
labs/data-science/analysis-deep/03-descriptive-statistics/VISUAL_GUIDE.md,9,7,78,0
labs/data-science/analysis-deep/04-exploratory-analysis/VISUAL_GUIDE.md,9,7,78,0
labs/data-science/analysis-deep/05-feature-engineering/VISUAL_GUIDE.md,9,7,78,0
labs/data-science/analysis-deep/06-time-series-analysis/VISUAL_GUIDE.md,9,7,78,0
labs/data-science/analysis-deep/07-causal-inference/VISUAL_GUIDE.md,9,7,78,0
labs/data-science/analysis-deep/08-experimentation/VISUAL_GUIDE.md,9,7,78,0
labs/data-science/analysis-deep/09-anomaly-detection/VISUAL_GUIDE.md,9,7,78,0
labs/data-science/analysis-deep/10-data-pipelines/VISUAL_GUIDE.md,9,7,78,0
labs/data-science/ml-pipelines-deep/01-feature-stores/VISUAL_GUIDE.md,9,7,78,0
labs/data-science/ml-pipelines-deep/02-model-training-pipelines/VISUAL_GUIDE.md,9,7,78,0
labs/data-science/ml-pipelines-deep/03-model-evaluation/VISUAL_GUIDE.md,9,7,78,0
labs/data-science/ml-pipelines-deep/04-model-interpretability/VISUAL_GUIDE.md,9,7,78,0
labs/data-science/ml-pipelines-deep/05-model-serving/VISUAL_GUIDE.md,9,7,78,0
labs/data-science/ml-pipelines-deep/06-model-monitoring/VISUAL_GUIDE.md,9,7,78,0
labs/data-science/ml-pipelines-deep/07-mlops-orchestration/VISUAL_GUIDE.md,9,7,78,0
labs/data-science/ml-pipelines-deep/08-fraud-detection-system/VISUAL_GUIDE.md,9,7,78,0
labs/math/discrete-deep/02-set-theory/VISUAL_GUIDE.md,9,7,78,0
labs/math/discrete-deep/04-graph-theory/VISUAL_GUIDE.md,9,7,78,0
labs/math/discrete-deep/05-generating-functions/VISUAL_GUIDE.md,9,7,78,0
labs/math/discrete-deep/06-number-theory/VISUAL_GUIDE.md,9,7,78,0
labs/math/linear-algebra-deep/01-vector-spaces/VISUAL_GUIDE.md,9,7,78,0
labs/math/linear-algebra-deep/02-linear-transformations/VISUAL_GUIDE.md,9,7,78,0
labs/math/linear-algebra-deep/03-matrix-decompositions/VISUAL_GUIDE.md,9,7,78,0
labs/math/linear-algebra-deep/04-eigenvalues-advanced/VISUAL_GUIDE.md,9,7,78,0
labs/math/linear-algebra-deep/05-inner-products-norms/VISUAL_GUIDE.md,9,7,78,0
labs/math/linear-algebra-deep/06-dual-spaces-tensors/VISUAL_GUIDE.md,9,7,78,0
labs/math/linear-algebra-deep/07-applied-linear-algebra/VISUAL_GUIDE.md,9,7,78,0
labs/math/linear-algebra-deep/08-matrix-calculus/VISUAL_GUIDE.md,9,7,78,0
labs/math/probability-deep/01-probability-axioms/VISUAL_GUIDE.md,9,7,78,0
labs/math/probability-deep/02-random-variables/VISUAL_GUIDE.md,9,7,78,0
labs/math/probability-deep/03-distributions/VISUAL_GUIDE.md,9,7,78,0
labs/math/probability-deep/04-multivariate-statistics/VISUAL_GUIDE.md,9,7,78,0
labs/math/probability-deep/05-law-large-numbers/VISUAL_GUIDE.md,9,7,78,0
labs/math/probability-deep/06-estimation-theory/VISUAL_GUIDE.md,9,7,78,0
labs/math/probability-deep/07-hypothesis-testing/VISUAL_GUIDE.md,9,7,78,0
labs/math/probability-deep/08-bayesian-statistics/VISUAL_GUIDE.md,9,7,78,0
labs/data-science/analysis-deep/04-exploratory-analysis/REFERENCES.md,13,10,77,0
labs/data-science/analysis-deep/06-time-series-analysis/REFERENCES.md,13,10,77,0
labs/data-science/analysis-deep/08-experimentation/REFERENCES.md,13,10,77,0
labs/data-science/analysis-deep/09-anomaly-detection/REFERENCES.md,13,10,77,0
labs/data-science/ml-pipelines-deep/02-model-training-pipelines/REFERENCES.md,13,10,77,0
labs/data-science/ml-pipelines-deep/08-fraud-detection-system/REFERENCES.md,13,10,77,0
labs/math/linear-algebra-deep/05-inner-products-norms/REFERENCES.md,13,10,77,0
labs/math/linear-algebra-deep/06-dual-spaces-tensors/REFERENCES.md,13,10,77,0
labs/math/linear-algebra-deep/07-applied-linear-algebra/REFERENCES.md,13,10,77,0
labs/math/probability-deep/05-law-large-numbers/REFERENCES.md,13,10,77,0
labs/algorithms/13-dp-lcs/THEORY.md,63,48,76,0
labs/algorithms/14-dp-lis/THEORY.md,63,48,76,0
labs/algorithms/15-cryptographic-algorithms/THEORY.md,63,48,76,0
labs/algorithms/15-dp-matrix/THEORY.md,63,48,76,0
labs/algorithms/16-greedy/THEORY.md,63,48,76,0
labs/algorithms/17-two-pointers/THEORY.md,63,48,76,0
labs/algorithms/18-sliding-window/THEORY.md,63,48,76,0
labs/algorithms/19-backtracking/THEORY.md,63,48,76,0
labs/algorithms/20-bit-manipulation/THEORY.md,63,48,76,0
labs/algorithms/21-caching-algorithms/THEORY.md,63,48,76,0
labs/algorithms/22-game-theory/THEORY.md,63,48,76,0
labs/algorithms/23-load-balancing/THEORY.md,63,48,76,0
labs/algorithms/24-scheduling-algorithms/THEORY.md,63,48,76,0
labs/algorithms/25-optimization-algorithms/THEORY.md,63,48,76,0
labs/algorithms/27-suffix-array/REAL_WORLD_PROJECT.md,34,26,76,0
labs/algorithms/28-push-relabel-flow/REAL_WORLD_PROJECT.md,34,26,76,0
labs/algorithms/29-fft/REAL_WORLD_PROJECT.md,34,26,76,0
labs/algorithms/30-linear-programming/REAL_WORLD_PROJECT.md,34,26,76,0
labs/algorithms/31-online-algorithms/REAL_WORLD_PROJECT.md,34,26,76,0
labs/algorithms/32-exact-exponential/REAL_WORLD_PROJECT.md,34,26,76,0
labs/algorithms/33-matrix-algorithms/REAL_WORLD_PROJECT.md,34,26,76,0
labs/algorithms/34-data-stream-algorithms/REAL_WORLD_PROJECT.md,34,26,76,0
labs/algorithms/35-quantum-simulation/REAL_WORLD_PROJECT.md,34,26,76,0
labs/algorithms/36-bloom-filter-variants/REAL_WORLD_PROJECT.md,34,26,76,0
labs/algorithms/37-graph-coloring-clique/REAL_WORLD_PROJECT.md,34,26,76,0
labs/algorithms/38-mst-variants/REAL_WORLD_PROJECT.md,34,26,76,0
labs/algorithms/39-number-theory-advanced/REAL_WORLD_PROJECT.md,34,26,76,0
labs/algorithms/40-string-algorithms-advanced/REAL_WORLD_PROJECT.md,34,26,76,0
labs/algorithms/advanced-algo-deep/REAL_WORLD_PROJECT.md,34,26,76,0
labs/algorithms/data-structures/REAL_WORLD_PROJECT.md,34,26,76,0
labs/algorithms/dp-deep/REAL_WORLD_PROJECT.md,34,26,76,0
labs/algorithms/dynamic-programming/REAL_WORLD_PROJECT.md,34,26,76,0
labs/algorithms/graph-algorithms-deep/REAL_WORLD_PROJECT.md,34,26,76,0
labs/algorithms/searching/REAL_WORLD_PROJECT.md,34,26,76,0
labs/algorithms/sorting-searching-deep/REAL_WORLD_PROJECT.md,34,26,76,0
labs/algorithms/sorting/REAL_WORLD_PROJECT.md,34,26,76,0
labs/data-science/analysis-deep/01-data-wrangling/CODE_DEEP_DIVE.md,24,18,75,0
labs/data-science/analysis-deep/02-visualization-fundamentals/CODE_DEEP_DIVE.md,24,18,75,0
labs/data-science/analysis-deep/03-descriptive-statistics/CODE_DEEP_DIVE.md,24,18,75,0
labs/data-science/analysis-deep/04-exploratory-analysis/CODE_DEEP_DIVE.md,24,18,75,0
labs/data-science/analysis-deep/05-feature-engineering/CODE_DEEP_DIVE.md,24,18,75,0
labs/data-science/analysis-deep/06-time-series-analysis/CODE_DEEP_DIVE.md,24,18,75,0
labs/data-science/analysis-deep/07-causal-inference/CODE_DEEP_DIVE.md,24,18,75,0
labs/data-science/analysis-deep/08-experimentation/CODE_DEEP_DIVE.md,24,18,75,0
labs/data-science/analysis-deep/09-anomaly-detection/CODE_DEEP_DIVE.md,24,18,75,0
labs/data-science/analysis-deep/10-data-pipelines/CODE_DEEP_DIVE.md,24,18,75,0
labs/data-science/ml-pipelines-deep/01-feature-stores/CODE_DEEP_DIVE.md,24,18,75,0
labs/data-science/ml-pipelines-deep/02-model-training-pipelines/CODE_DEEP_DIVE.md,24,18,75,0
labs/data-science/ml-pipelines-deep/03-model-evaluation/CODE_DEEP_DIVE.md,24,18,75,0
labs/data-science/ml-pipelines-deep/04-model-interpretability/CODE_DEEP_DIVE.md,24,18,75,0
labs/data-science/ml-pipelines-deep/05-model-serving/CODE_DEEP_DIVE.md,24,18,75,0
labs/data-science/ml-pipelines-deep/06-model-monitoring/CODE_DEEP_DIVE.md,24,18,75,0
labs/data-science/ml-pipelines-deep/07-mlops-orchestration/CODE_DEEP_DIVE.md,24,18,75,0
labs/data-science/ml-pipelines-deep/08-fraud-detection-system/CODE_DEEP_DIVE.md,24,18,75,0
labs/math/discrete-deep/01-logic-proofs/CODE_DEEP_DIVE.md,24,18,75,0
labs/math/discrete-deep/02-set-theory/CODE_DEEP_DIVE.md,24,18,75,0
labs/math/discrete-deep/03-combinatorics/CODE_DEEP_DIVE.md,24,18,75,0
labs/math/discrete-deep/04-graph-theory/CODE_DEEP_DIVE.md,24,18,75,0
labs/math/discrete-deep/05-generating-functions/CODE_DEEP_DIVE.md,24,18,75,0
labs/math/discrete-deep/06-number-theory/CODE_DEEP_DIVE.md,24,18,75,0
labs/math/linear-algebra-deep/01-vector-spaces/CODE_DEEP_DIVE.md,24,18,75,0
labs/math/linear-algebra-deep/02-linear-transformations/CODE_DEEP_DIVE.md,24,18,75,0
labs/math/linear-algebra-deep/03-matrix-decompositions/CODE_DEEP_DIVE.md,24,18,75,0
labs/math/linear-algebra-deep/04-eigenvalues-advanced/CODE_DEEP_DIVE.md,24,18,75,0
labs/math/linear-algebra-deep/05-inner-products-norms/CODE_DEEP_DIVE.md,24,18,75,0
labs/math/linear-algebra-deep/06-dual-spaces-tensors/CODE_DEEP_DIVE.md,24,18,75,0
labs/math/linear-algebra-deep/07-applied-linear-algebra/CODE_DEEP_DIVE.md,24,18,75,0
labs/math/linear-algebra-deep/08-matrix-calculus/CODE_DEEP_DIVE.md,24,18,75,0
labs/math/probability-deep/01-probability-axioms/CODE_DEEP_DIVE.md,24,18,75,0
labs/math/probability-deep/02-random-variables/CODE_DEEP_DIVE.md,24,18,75,0
labs/math/probability-deep/03-distributions/CODE_DEEP_DIVE.md,24,18,75,0
labs/math/probability-deep/04-multivariate-statistics/CODE_DEEP_DIVE.md,24,18,75,0
labs/math/probability-deep/05-law-large-numbers/CODE_DEEP_DIVE.md,24,18,75,0
labs/math/probability-deep/06-estimation-theory/CODE_DEEP_DIVE.md,24,18,75,0
labs/math/probability-deep/07-hypothesis-testing/CODE_DEEP_DIVE.md,24,18,75,0
labs/math/probability-deep/08-bayesian-statistics/CODE_DEEP_DIVE.md,24,18,75,0
labs/data-science/analysis-deep/04-exploratory-analysis/INTERVIEW.md,15,11,73,0
labs/data-science/analysis-deep/06-time-series-analysis/INTERVIEW.md,15,11,73,0
labs/data-science/analysis-deep/08-experimentation/INTERVIEW.md,15,11,73,0
labs/data-science/analysis-deep/09-anomaly-detection/INTERVIEW.md,15,11,73,0
labs/data-science/ml-pipelines-deep/02-model-training-pipelines/INTERVIEW.md,15,11,73,0
labs/data-science/ml-pipelines-deep/08-fraud-detection-system/INTERVIEW.md,15,11,73,0
labs/math/linear-algebra-deep/05-inner-products-norms/INTERVIEW.md,15,11,73,0
labs/math/linear-algebra-deep/06-dual-spaces-tensors/INTERVIEW.md,15,11,73,0
labs/math/linear-algebra-deep/07-applied-linear-algebra/INTERVIEW.md,15,11,73,0
labs/math/probability-deep/05-law-large-numbers/INTERVIEW.md,15,11,73,0
labs/algorithms/13-dp-lcs/MINI_PROJECT.md,21,15,71,0
labs/algorithms/13-parallel-algorithms/MINI_PROJECT.md,21,15,71,0
labs/algorithms/14-approximation-algorithms/MINI_PROJECT.md,21,15,71,0
labs/algorithms/14-dp-lis/MINI_PROJECT.md,21,15,71,0
labs/algorithms/15-cryptographic-algorithms/MINI_PROJECT.md,21,15,71,0
labs/algorithms/15-dp-matrix/MINI_PROJECT.md,21,15,71,0
labs/algorithms/16-greedy/MINI_PROJECT.md,21,15,71,0
labs/algorithms/16-string-matching/MINI_PROJECT.md,21,15,71,0
labs/algorithms/17-network-flow/MINI_PROJECT.md,21,15,71,0
labs/algorithms/17-two-pointers/MINI_PROJECT.md,21,15,71,0
labs/algorithms/18-computational-geometry/MINI_PROJECT.md,21,15,71,0
labs/algorithms/18-sliding-window/MINI_PROJECT.md,21,15,71,0
labs/algorithms/19-backtracking/MINI_PROJECT.md,21,15,71,0
labs/algorithms/19-number-theory/MINI_PROJECT.md,21,15,71,0
labs/algorithms/20-bit-manipulation/MINI_PROJECT.md,21,15,71,0
labs/algorithms/20-randomized-algorithms/MINI_PROJECT.md,21,15,71,0
labs/algorithms/21-caching-algorithms/MINI_PROJECT.md,21,15,71,0
labs/algorithms/22-game-theory/MINI_PROJECT.md,21,15,71,0
labs/algorithms/23-load-balancing/MINI_PROJECT.md,21,15,71,0
labs/algorithms/24-scheduling-algorithms/MINI_PROJECT.md,21,15,71,0
labs/algorithms/25-optimization-algorithms/MINI_PROJECT.md,21,15,71,0
labs/algorithms/26-bit-manipulation/MINI_PROJECT.md,21,15,71,0
labs/data-science/analysis-deep/01-data-wrangling/EXERCISES.md,22,15,68,0
labs/data-science/analysis-deep/02-visualization-fundamentals/EXERCISES.md,22,15,68,0
labs/data-science/analysis-deep/03-descriptive-statistics/EXERCISES.md,22,15,68,0
labs/data-science/analysis-deep/05-feature-engineering/EXERCISES.md,22,15,68,0
labs/data-science/analysis-deep/07-causal-inference/EXERCISES.md,22,15,68,0
labs/data-science/analysis-deep/10-data-pipelines/EXERCISES.md,22,15,68,0
labs/data-science/ml-pipelines-deep/01-feature-stores/EXERCISES.md,22,15,68,0
labs/data-science/ml-pipelines-deep/03-model-evaluation/EXERCISES.md,22,15,68,0
labs/data-science/ml-pipelines-deep/04-model-interpretability/EXERCISES.md,22,15,68,0
labs/data-science/ml-pipelines-deep/05-model-serving/EXERCISES.md,22,15,68,0
labs/data-science/ml-pipelines-deep/06-model-monitoring/EXERCISES.md,22,15,68,0
labs/data-science/ml-pipelines-deep/07-mlops-orchestration/EXERCISES.md,22,15,68,0
labs/math/discrete-deep/02-set-theory/EXERCISES.md,22,15,68,0
labs/math/discrete-deep/02-set-theory/THEORY.md,28,19,68,0
labs/math/discrete-deep/03-combinatorics/EXERCISES.md,22,15,68,0
labs/math/discrete-deep/03-combinatorics/THEORY.md,28,19,68,0
labs/math/discrete-deep/04-graph-theory/EXERCISES.md,22,15,68,0
labs/math/discrete-deep/05-generating-functions/EXERCISES.md,22,15,68,0
labs/math/discrete-deep/06-number-theory/EXERCISES.md,22,15,68,0
labs/math/linear-algebra-deep/01-vector-spaces/EXERCISES.md,22,15,68,0
labs/math/linear-algebra-deep/02-linear-transformations/EXERCISES.md,22,15,68,0
labs/math/linear-algebra-deep/03-matrix-decompositions/EXERCISES.md,22,15,68,0
labs/math/linear-algebra-deep/04-eigenvalues-advanced/EXERCISES.md,22,15,68,0
labs/math/linear-algebra-deep/08-matrix-calculus/EXERCISES.md,22,15,68,0
labs/math/probability-deep/01-probability-axioms/EXERCISES.md,22,15,68,0
labs/math/probability-deep/02-random-variables/EXERCISES.md,22,15,68,0
labs/math/probability-deep/03-distributions/EXERCISES.md,22,15,68,0
labs/math/probability-deep/04-multivariate-statistics/EXERCISES.md,22,15,68,0
labs/math/probability-deep/06-estimation-theory/EXERCISES.md,22,15,68,0
labs/math/probability-deep/07-hypothesis-testing/EXERCISES.md,22,15,68,0
labs/math/probability-deep/08-bayesian-statistics/EXERCISES.md,22,15,68,0
labs/algorithms/dynamic-programming/THEORY.md,73,48,66,0
labs/algorithms/sorting/THEORY.md,73,48,66,0
labs/data-science/analysis-deep/01-data-wrangling/THEORY.md,29,19,66,0
labs/data-science/analysis-deep/02-visualization-fundamentals/THEORY.md,29,19,66,0
labs/data-science/analysis-deep/03-descriptive-statistics/THEORY.md,29,19,66,0
labs/data-science/analysis-deep/04-exploratory-analysis/THEORY.md,29,19,66,0
labs/data-science/analysis-deep/05-feature-engineering/THEORY.md,29,19,66,0
labs/data-science/analysis-deep/06-time-series-analysis/THEORY.md,29,19,66,0
labs/data-science/analysis-deep/07-causal-inference/THEORY.md,29,19,66,0
labs/data-science/analysis-deep/08-experimentation/THEORY.md,29,19,66,0
labs/data-science/analysis-deep/09-anomaly-detection/THEORY.md,29,19,66,0
labs/data-science/ml-pipelines-deep/02-model-training-pipelines/THEORY.md,29,19,66,0
labs/data-science/ml-pipelines-deep/03-model-evaluation/THEORY.md,29,19,66,0
labs/data-science/ml-pipelines-deep/04-model-interpretability/THEORY.md,29,19,66,0
labs/data-science/ml-pipelines-deep/05-model-serving/THEORY.md,29,19,66,0
labs/data-science/ml-pipelines-deep/08-fraud-detection-system/THEORY.md,29,19,66,0
labs/math/discrete-deep/01-logic-proofs/THEORY.md,29,19,66,0
labs/math/discrete-deep/04-graph-theory/THEORY.md,29,19,66,0
labs/math/discrete-deep/05-generating-functions/THEORY.md,29,19,66,0
labs/math/discrete-deep/06-number-theory/THEORY.md,29,19,66,0
labs/math/linear-algebra-deep/01-vector-spaces/THEORY.md,29,19,66,0
labs/math/linear-algebra-deep/02-linear-transformations/THEORY.md,29,19,66,0
labs/math/linear-algebra-deep/03-matrix-decompositions/THEORY.md,29,19,66,0
labs/math/linear-algebra-deep/04-eigenvalues-advanced/THEORY.md,29,19,66,0
labs/math/linear-algebra-deep/05-inner-products-norms/THEORY.md,29,19,66,0
labs/math/linear-algebra-deep/06-dual-spaces-tensors/THEORY.md,29,19,66,0
labs/math/linear-algebra-deep/07-applied-linear-algebra/THEORY.md,29,19,66,0
labs/math/linear-algebra-deep/08-matrix-calculus/THEORY.md,29,19,66,0
labs/math/probability-deep/01-probability-axioms/THEORY.md,29,19,66,0
labs/math/probability-deep/02-random-variables/THEORY.md,29,19,66,0
labs/math/probability-deep/03-distributions/THEORY.md,29,19,66,0
labs/math/probability-deep/04-multivariate-statistics/THEORY.md,29,19,66,0
labs/math/probability-deep/05-law-large-numbers/THEORY.md,29,19,66,0
labs/math/probability-deep/06-estimation-theory/THEORY.md,29,19,66,0
labs/math/probability-deep/07-hypothesis-testing/THEORY.md,29,19,66,0
labs/math/probability-deep/08-bayesian-statistics/THEORY.md,29,19,66,0
labs/algorithms/sorting-searching-deep/THEORY.md,74,48,65,0
labs/data-science/analysis-deep/04-exploratory-analysis/EXERCISES.md,23,15,65,0
labs/data-science/analysis-deep/06-time-series-analysis/EXERCISES.md,23,15,65,0
labs/data-science/analysis-deep/08-experimentation/EXERCISES.md,23,15,65,0
labs/data-science/analysis-deep/09-anomaly-detection/EXERCISES.md,23,15,65,0
labs/data-science/ml-pipelines-deep/02-model-training-pipelines/EXERCISES.md,23,15,65,0
labs/data-science/ml-pipelines-deep/08-fraud-detection-system/EXERCISES.md,23,15,65,0
labs/math/calculus-deep/01-limits-continuity/MATH_FOUNDATION.md,37,24,65,0
labs/math/calculus-deep/02-derivatives-rules/MATH_FOUNDATION.md,37,24,65,0
labs/math/calculus-deep/03-derivative-applications/MATH_FOUNDATION.md,37,24,65,0
labs/math/calculus-deep/04-integral-fundamentals/MATH_FOUNDATION.md,37,24,65,0
labs/math/calculus-deep/05-integration-techniques/MATH_FOUNDATION.md,37,24,65,0
labs/math/calculus-deep/06-differential-equations/MATH_FOUNDATION.md,37,24,65,0
labs/math/calculus-deep/07-multivariable-calculus/MATH_FOUNDATION.md,37,24,65,0
labs/math/calculus-deep/08-vector-calculus/MATH_FOUNDATION.md,37,24,65,0
labs/math/discrete-deep/01-logic-proofs/EXERCISES.md,23,15,65,0
labs/math/linear-algebra-deep/05-inner-products-norms/EXERCISES.md,23,15,65,0
labs/math/linear-algebra-deep/06-dual-spaces-tensors/EXERCISES.md,23,15,65,0
labs/math/linear-algebra-deep/07-applied-linear-algebra/EXERCISES.md,23,15,65,0
labs/math/probability-deep/05-law-large-numbers/EXERCISES.md,23,15,65,0
labs/algorithms/dp-deep/THEORY.md,75,48,64,0
labs/algorithms/graph-algorithms-deep/THEORY.md,74,47,64,0
labs/algorithms/searching/THEORY.md,73,47,64,0
labs/algorithms/27-suffix-array/MINI_PROJECT.md,21,13,62,0
labs/algorithms/28-push-relabel-flow/MINI_PROJECT.md,21,13,62,0
labs/algorithms/29-fft/MINI_PROJECT.md,21,13,62,0
labs/algorithms/30-linear-programming/MINI_PROJECT.md,21,13,62,0
labs/algorithms/31-online-algorithms/MINI_PROJECT.md,21,13,62,0
labs/algorithms/32-exact-exponential/MINI_PROJECT.md,21,13,62,0
labs/algorithms/33-matrix-algorithms/MINI_PROJECT.md,21,13,62,0
labs/algorithms/34-data-stream-algorithms/MINI_PROJECT.md,21,13,62,0
labs/algorithms/35-quantum-simulation/MINI_PROJECT.md,21,13,62,0
labs/algorithms/36-bloom-filter-variants/MINI_PROJECT.md,21,13,62,0
labs/algorithms/37-graph-coloring-clique/MINI_PROJECT.md,21,13,62,0
labs/algorithms/38-mst-variants/MINI_PROJECT.md,21,13,62,0
labs/algorithms/39-number-theory-advanced/MINI_PROJECT.md,21,13,62,0
labs/algorithms/40-string-algorithms-advanced/MINI_PROJECT.md,21,13,62,0
labs/algorithms/advanced-algo-deep/MINI_PROJECT.md,21,13,62,0
labs/algorithms/data-structures/MINI_PROJECT.md,21,13,62,0
labs/algorithms/dp-deep/MINI_PROJECT.md,21,13,62,0
labs/algorithms/dynamic-programming/MINI_PROJECT.md,21,13,62,0
labs/algorithms/graph-algorithms-deep/MINI_PROJECT.md,21,13,62,0
labs/algorithms/searching/MINI_PROJECT.md,21,13,62,0
labs/algorithms/sorting-searching-deep/MINI_PROJECT.md,21,13,62,0
labs/algorithms/sorting/MINI_PROJECT.md,21,13,62,0
labs/data-science/analysis-deep/01-data-wrangling/WHY_IT_EXISTS.md,8,5,62,0
labs/data-science/analysis-deep/02-visualization-fundamentals/WHY_IT_EXISTS.md,8,5,62,0
labs/data-science/analysis-deep/03-descriptive-statistics/WHY_IT_EXISTS.md,8,5,62,0
labs/data-science/analysis-deep/04-exploratory-analysis/WHY_IT_EXISTS.md,8,5,62,0
labs/data-science/analysis-deep/05-feature-engineering/WHY_IT_EXISTS.md,8,5,62,0
labs/data-science/analysis-deep/06-time-series-analysis/WHY_IT_EXISTS.md,8,5,62,0
labs/data-science/analysis-deep/07-causal-inference/WHY_IT_EXISTS.md,8,5,62,0
labs/data-science/analysis-deep/08-experimentation/WHY_IT_EXISTS.md,8,5,62,0
labs/data-science/analysis-deep/09-anomaly-detection/WHY_IT_EXISTS.md,8,5,62,0
labs/data-science/analysis-deep/10-data-pipelines/WHY_IT_EXISTS.md,8,5,62,0
labs/data-science/ml-pipelines-deep/01-feature-stores/WHY_IT_EXISTS.md,8,5,62,0
labs/data-science/ml-pipelines-deep/02-model-training-pipelines/WHY_IT_EXISTS.md,8,5,62,0
labs/data-science/ml-pipelines-deep/03-model-evaluation/WHY_IT_EXISTS.md,8,5,62,0
labs/data-science/ml-pipelines-deep/04-model-interpretability/WHY_IT_EXISTS.md,8,5,62,0
labs/data-science/ml-pipelines-deep/05-model-serving/WHY_IT_EXISTS.md,8,5,62,0
labs/data-science/ml-pipelines-deep/06-model-monitoring/WHY_IT_EXISTS.md,8,5,62,0
labs/data-science/ml-pipelines-deep/07-mlops-orchestration/WHY_IT_EXISTS.md,8,5,62,0
labs/data-science/ml-pipelines-deep/08-fraud-detection-system/WHY_IT_EXISTS.md,8,5,62,0
labs/databases/01-relational-databases/VISION.md,40,25,62,0
labs/databases/01-sql-basics/VISION.md,40,25,62,0
labs/databases/02-joins/VISION.md,40,25,62,0
labs/databases/02-sql-fundamentals/VISION.md,40,25,62,0
labs/databases/03-postgresql/VISION.md,40,25,62,0
labs/databases/03-subqueries/VISION.md,40,25,62,0
labs/databases/04-ctes/VISION.md,40,25,62,0
labs/databases/04-mongodb/VISION.md,40,25,62,0
labs/databases/05-redis/VISION.md,40,25,62,0
labs/databases/05-window-functions/VISION.md,40,25,62,0
labs/databases/06-aggregation/VISION.md,40,25,62,0
labs/databases/06-jdbc-jpa/VISION.md,40,25,62,0
labs/databases/07-spring-data/VISION.md,40,25,62,0
labs/databases/08-flyway-liquibase/VISION.md,40,25,62,0
labs/databases/09-query-optimization/VISION.md,40,25,62,0
labs/databases/09-r2dbc/VISION.md,40,25,62,0
labs/databases/10-connection-pooling/VISION.md,40,25,62,0
labs/databases/10-transactions/VISION.md,40,25,62,0
labs/databases/11-query-optimization/VISION.md,40,25,62,0
labs/databases/12-multi-model-databases/VISION.md,40,25,62,0
labs/databases/12-plsql-fundamentals/VISION.md,40,25,62,0
labs/databases/13-database-sharding/VISION.md,40,25,62,0
labs/databases/14-database-replication/VISION.md,40,25,62,0
labs/databases/15-query-optimization/VISION.md,40,25,62,0
labs/databases/16-database-testing/VISION.md,40,25,62,0
labs/databases/17-cassandra-nosql/VISION.md,40,25,62,0
labs/databases/17-oracle-architecture/VISION.md,40,25,62,0
labs/databases/18-cockroachdb/VISION.md,40,25,62,0
labs/databases/19-database-migration-strategies/VISION.md,40,25,62,0
labs/databases/20-database-security/VISION.md,40,25,62,0
labs/databases/21-advanced-sql/VISION.md,40,25,62,0
labs/databases/22-pl-sql-foundations/VISION.md,40,25,62,0
labs/databases/23-pl-sql-advanced/VISION.md,40,25,62,0
labs/databases/SQL_SOLUTIONS/VISION.md,40,25,62,0
labs/databases/databases-deep/VISION.md,40,25,62,0
labs/math/discrete-deep/02-set-theory/WHY_IT_EXISTS.md,8,5,62,0
labs/math/discrete-deep/03-combinatorics/WHY_IT_EXISTS.md,8,5,62,0
labs/math/discrete-deep/04-graph-theory/WHY_IT_EXISTS.md,8,5,62,0
labs/math/discrete-deep/05-generating-functions/WHY_IT_EXISTS.md,8,5,62,0
labs/math/discrete-deep/06-number-theory/WHY_IT_EXISTS.md,8,5,62,0
labs/math/linear-algebra-deep/01-vector-spaces/WHY_IT_EXISTS.md,8,5,62,0
labs/math/linear-algebra-deep/02-linear-transformations/WHY_IT_EXISTS.md,8,5,62,0
labs/math/linear-algebra-deep/03-matrix-decompositions/WHY_IT_EXISTS.md,8,5,62,0
labs/math/linear-algebra-deep/04-eigenvalues-advanced/WHY_IT_EXISTS.md,8,5,62,0
labs/math/linear-algebra-deep/05-inner-products-norms/WHY_IT_EXISTS.md,8,5,62,0
labs/math/linear-algebra-deep/06-dual-spaces-tensors/WHY_IT_EXISTS.md,8,5,62,0
labs/math/linear-algebra-deep/07-applied-linear-algebra/WHY_IT_EXISTS.md,8,5,62,0
labs/math/linear-algebra-deep/08-matrix-calculus/WHY_IT_EXISTS.md,8,5,62,0
labs/math/probability-deep/01-probability-axioms/WHY_IT_EXISTS.md,8,5,62,0
labs/math/probability-deep/02-random-variables/WHY_IT_EXISTS.md,8,5,62,0
labs/math/probability-deep/03-distributions/WHY_IT_EXISTS.md,8,5,62,0
labs/math/probability-deep/04-multivariate-statistics/WHY_IT_EXISTS.md,8,5,62,0
labs/math/probability-deep/05-law-large-numbers/WHY_IT_EXISTS.md,8,5,62,0
labs/math/probability-deep/06-estimation-theory/WHY_IT_EXISTS.md,8,5,62,0
labs/math/probability-deep/07-hypothesis-testing/WHY_IT_EXISTS.md,8,5,62,0
labs/math/probability-deep/08-bayesian-statistics/WHY_IT_EXISTS.md,8,5,62,0
labs/algorithms/data-structures/THEORY.md,75,46,61,0
labs/data-science/analysis-deep/10-data-pipelines/THEORY.md,32,19,59,0
labs/data-science/ml-pipelines-deep/01-feature-stores/THEORY.md,32,19,59,0
labs/data-science/ml-pipelines-deep/06-model-monitoring/THEORY.md,32,19,59,0
labs/algorithms/advanced-algo-deep/THEORY.md,77,45,58,0
labs/data-science/ml-pipelines-deep/07-mlops-orchestration/THEORY.md,33,19,58,0
labs/math/calculus-deep/01-limits-continuity/CODE_DEEP_DIVE.md,31,18,58,0
labs/math/calculus-deep/02-derivatives-rules/CODE_DEEP_DIVE.md,31,18,58,0
labs/math/calculus-deep/03-derivative-applications/CODE_DEEP_DIVE.md,31,18,58,0
labs/math/calculus-deep/04-integral-fundamentals/CODE_DEEP_DIVE.md,31,18,58,0
labs/math/calculus-deep/05-integration-techniques/CODE_DEEP_DIVE.md,31,18,58,0
labs/math/calculus-deep/06-differential-equations/CODE_DEEP_DIVE.md,31,18,58,0
labs/math/calculus-deep/07-multivariable-calculus/CODE_DEEP_DIVE.md,31,18,58,0
labs/math/calculus-deep/08-vector-calculus/CODE_DEEP_DIVE.md,31,18,58,0
labs/data-science/01-data-wrangling/VISION.md,18,10,56,0
labs/data-science/02-eda/VISION.md,18,10,56,0
labs/data-science/02-visualization/VISION.md,18,10,56,0
labs/data-science/03-exploratory-analysis/VISION.md,18,10,56,0
labs/data-science/03-feature-engineering/VISION.md,18,10,56,0
labs/data-science/04-feature-engineering/VISION.md,18,10,56,0
labs/data-science/04-time-series/VISION.md,18,10,56,0
labs/data-science/05-time-series/VISION.md,18,10,56,0
labs/data-science/06-causal-inference/VISION.md,18,10,56,0
labs/data-science/07-experimentation/VISION.md,18,10,56,0
labs/data-science/08-bayesian-statistics/VISION.md,18,10,56,0
labs/data-science/09-dimension-reduction/VISION.md,18,10,56,0
labs/data-science/10-clustering-advanced/VISION.md,18,10,56,0
labs/data-science/11-nlp-advanced/VISION.md,18,10,56,0
labs/data-science/12-ensemble-methods/VISION.md,18,10,56,0
labs/data-science/13-model-evaluation/VISION.md,18,10,56,0
labs/data-science/14-unsupervised-learning/VISION.md,18,10,56,0
labs/data-science/15-data-pipelines/VISION.md,18,10,56,0
labs/data-science/analysis-deep/VISION.md,18,10,56,0
labs/data-science/data-science-deep/VISION.md,18,10,56,0
labs/data-science/ml-pipelines-deep/VISION.md,18,10,56,0
labs/math/calculus-deep/01-limits-continuity/THEORY.md,34,18,53,0
labs/math/calculus-deep/02-derivatives-rules/THEORY.md,34,18,53,0
labs/math/calculus-deep/03-derivative-applications/THEORY.md,34,18,53,0
labs/math/calculus-deep/04-integral-fundamentals/THEORY.md,34,18,53,0
labs/math/calculus-deep/05-integration-techniques/THEORY.md,34,18,53,0
labs/math/calculus-deep/06-differential-equations/THEORY.md,34,18,53,0
labs/math/calculus-deep/07-multivariable-calculus/THEORY.md,34,18,53,0
labs/math/calculus-deep/08-vector-calculus/THEORY.md,34,18,53,0
labs/architecture/11-strangle-fig-pattern/MOCK_INTERVIEW.md,37,19,51,0
labs/architecture/17-strangler-fig-advanced/MOCK_INTERVIEW.md,37,19,51,0
labs/architecture/09-six-port-architecture/MOCK_INTERVIEW.md,38,19,50,0
labs/architecture/13-sidecar-ambassador/MOCK_INTERVIEW.md,38,19,50,0
labs/architecture/14-circuit-breaker-pattern/MOCK_INTERVIEW.md,38,19,50,0
labs/architecture/15-saga-orchestration/MOCK_INTERVIEW.md,38,19,50,0
labs/java/networking-deep/01-socket-programming/README.md,14,7,50,0
labs/java/networking-deep/02-nio-selectors/README.md,14,7,50,0
labs/java/networking-deep/04-netty-framework/README.md,14,7,50,0
labs/java/networking-deep/05-grpc-networking/README.md,14,7,50,0
labs/ai/classical-ml-deep/01-linear-regression/CODE_DEEP_DIVE.md,92,45,49,0
labs/ai/classical-ml-deep/02-logistic-regression/CODE_DEEP_DIVE.md,92,45,49,0
labs/ai/classical-ml-deep/03-svm-theory/CODE_DEEP_DIVE.md,92,45,49,0
labs/ai/classical-ml-deep/04-decision-trees/CODE_DEEP_DIVE.md,92,45,49,0
labs/ai/classical-ml-deep/05-random-forest/CODE_DEEP_DIVE.md,92,45,49,0
labs/ai/classical-ml-deep/06-gradient-boosting/CODE_DEEP_DIVE.md,92,45,49,0
labs/ai/classical-ml-deep/07-dim-reduction-pca/CODE_DEEP_DIVE.md,92,45,49,0
labs/ai/classical-ml-deep/08-clustering-kmeans/CODE_DEEP_DIVE.md,92,45,49,0
labs/ai/classical-ml-deep/09-clustering-dbscan/CODE_DEEP_DIVE.md,92,45,49,0
labs/ai/classical-ml-deep/10-anomaly-detection/CODE_DEEP_DIVE.md,92,45,49,0
labs/ai/deep-learning-deep/01-cnn-fundamentals/CODE_DEEP_DIVE.md,92,45,49,0
labs/ai/deep-learning-deep/02-cnn-architectures/CODE_DEEP_DIVE.md,92,45,49,0
labs/ai/deep-learning-deep/03-rnn-lstm-gru/CODE_DEEP_DIVE.md,92,45,49,0
labs/ai/deep-learning-deep/04-seq2seq-attention/CODE_DEEP_DIVE.md,92,45,49,0
labs/ai/deep-learning-deep/05-transformer-from-scratch/CODE_DEEP_DIVE.md,92,45,49,0
labs/ai/deep-learning-deep/06-attention-variants/CODE_DEEP_DIVE.md,92,45,49,0
labs/ai/deep-learning-deep/07-positional-encoding/CODE_DEEP_DIVE.md,92,45,49,0
labs/ai/deep-learning-deep/08-normalization-transformers/CODE_DEEP_DIVE.md,92,45,49,0
labs/ai/deep-learning-deep/09-kv-cache/CODE_DEEP_DIVE.md,92,45,49,0
labs/ai/deep-learning-deep/10-inference-optimization/CODE_DEEP_DIVE.md,92,45,49,0
labs/ai/llm-genai-deep/01-embeddings-semantic/CODE_DEEP_DIVE.md,92,45,49,0
labs/ai/llm-genai-deep/02-hnsw-indexing/CODE_DEEP_DIVE.md,92,45,49,0
labs/ai/llm-genai-deep/03-rag-pipeline/CODE_DEEP_DIVE.md,92,45,49,0
labs/ai/llm-genai-deep/04-rag-evaluation/CODE_DEEP_DIVE.md,92,45,49,0
labs/ai/llm-genai-deep/05-prompt-engineering/CODE_DEEP_DIVE.md,92,45,49,0
labs/ai/llm-genai-deep/06-llm-agents/CODE_DEEP_DIVE.md,92,45,49,0
labs/ai/llm-genai-deep/07-fine-tuning/CODE_DEEP_DIVE.md,92,45,49,0
labs/ai/llm-genai-deep/08-rlhf/CODE_DEEP_DIVE.md,92,45,49,0
labs/ai/llm-genai-deep/09-hallucination-mitigation/CODE_DEEP_DIVE.md,92,45,49,0
labs/ai/llm-genai-deep/10-ai-safety/CODE_DEEP_DIVE.md,92,45,49,0
labs/ai/math-for-ai-deep/01-vectors-spaces/CODE_DEEP_DIVE.md,92,45,49,0
labs/ai/math-for-ai-deep/02-matrices-operations/CODE_DEEP_DIVE.md,92,45,49,0
labs/ai/math-for-ai-deep/03-eigenvalues-svd/CODE_DEEP_DIVE.md,92,45,49,0
labs/ai/math-for-ai-deep/04-gradient-vector-calc/CODE_DEEP_DIVE.md,92,45,49,0
labs/ai/math-for-ai-deep/05-probability-distributions/CODE_DEEP_DIVE.md,92,45,49,0
labs/ai/math-for-ai-deep/06-bayesian-inference/CODE_DEEP_DIVE.md,92,45,49,0
labs/ai/math-for-ai-deep/07-information-theory/CODE_DEEP_DIVE.md,92,45,49,0
labs/ai/math-for-ai-deep/08-optimization-fundamentals/CODE_DEEP_DIVE.md,92,45,49,0
labs/ai/math-for-ai-deep/09-gradient-descent-variants/CODE_DEEP_DIVE.md,92,45,49,0
labs/ai/math-for-ai-deep/10-numerical-computing/CODE_DEEP_DIVE.md,92,45,49,0
labs/ai/neural-networks-deep/01-perceptron/CODE_DEEP_DIVE.md,92,45,49,0
labs/ai/neural-networks-deep/02-mlp-backprop/CODE_DEEP_DIVE.md,92,45,49,0
labs/ai/neural-networks-deep/03-activation-functions/CODE_DEEP_DIVE.md,92,45,49,0
labs/ai/neural-networks-deep/04-loss-functions/CODE_DEEP_DIVE.md,92,45,49,0
labs/ai/neural-networks-deep/05-regularization/CODE_DEEP_DIVE.md,92,45,49,0
labs/ai/neural-networks-deep/06-weight-initialization/CODE_DEEP_DIVE.md,92,45,49,0
labs/ai/neural-networks-deep/07-optimizers/CODE_DEEP_DIVE.md,92,45,49,0
labs/ai/neural-networks-deep/08-normalization-layers/CODE_DEEP_DIVE.md,92,45,49,0
labs/ai/neural-networks-deep/09-advanced-architectures/CODE_DEEP_DIVE.md,92,45,49,0
labs/ai/neural-networks-deep/10-model-compression/CODE_DEEP_DIVE.md,92,45,49,0
labs/architecture/05-saga-pattern/MOCK_INTERVIEW.md,39,19,49,0
labs/architecture/10-layered-architecture/MOCK_INTERVIEW.md,39,19,49,0
labs/architecture/03-domain-driven-design/MOCK_INTERVIEW.md,40,19,48,0
labs/architecture/04-cqrs/MOCK_INTERVIEW.md,40,19,48,0
labs/architecture/06-hexagonal-architecture/MOCK_INTERVIEW.md,40,19,48,0
labs/architecture/08-event-sourcing/MOCK_INTERVIEW.md,40,19,48,0
labs/architecture/12-bff-pattern/MOCK_INTERVIEW.md,40,19,48,0
labs/architecture/16-api-composition/MOCK_INTERVIEW.md,40,19,48,0
labs/architecture/18-event-driven-architecture/MOCK_INTERVIEW.md,40,19,48,0
labs/architecture/19-service-mesh-architecture/MOCK_INTERVIEW.md,40,19,48,0
labs/java/networking-deep/03-http-clients/README.md,15,7,47,0
labs/architecture/07-clean-architecture/MOCK_INTERVIEW.md,41,19,46,0
labs/architecture/20-platform-engineering/MOCK_INTERVIEW.md,41,19,46,0
labs/architecture/02-event-driven-architecture/MOCK_INTERVIEW.md,42,19,45,0
labs/ai/classical-ml-deep/01-linear-regression/README.md,102,41,40,0
labs/ai/classical-ml-deep/02-logistic-regression/README.md,102,41,40,0
labs/ai/classical-ml-deep/03-svm-theory/README.md,102,41,40,0
labs/ai/classical-ml-deep/04-decision-trees/README.md,102,41,40,0
labs/ai/classical-ml-deep/05-random-forest/README.md,102,41,40,0
labs/ai/classical-ml-deep/06-gradient-boosting/README.md,102,41,40,0
labs/ai/classical-ml-deep/07-dim-reduction-pca/README.md,102,41,40,0
labs/ai/classical-ml-deep/08-clustering-kmeans/README.md,102,41,40,0
labs/ai/classical-ml-deep/09-clustering-dbscan/README.md,102,41,40,0
labs/ai/classical-ml-deep/10-anomaly-detection/README.md,102,41,40,0
labs/ai/deep-learning-deep/01-cnn-fundamentals/README.md,102,41,40,0
labs/ai/deep-learning-deep/02-cnn-architectures/README.md,102,41,40,0
labs/ai/deep-learning-deep/03-rnn-lstm-gru/README.md,102,41,40,0
labs/ai/deep-learning-deep/04-seq2seq-attention/README.md,102,41,40,0
labs/ai/deep-learning-deep/05-transformer-from-scratch/README.md,102,41,40,0
labs/ai/deep-learning-deep/06-attention-variants/README.md,102,41,40,0
labs/ai/deep-learning-deep/07-positional-encoding/README.md,102,41,40,0
labs/ai/deep-learning-deep/08-normalization-transformers/README.md,102,41,40,0
labs/ai/deep-learning-deep/09-kv-cache/README.md,102,41,40,0
labs/ai/deep-learning-deep/10-inference-optimization/README.md,102,41,40,0
labs/ai/llm-genai-deep/01-embeddings-semantic/README.md,102,41,40,0
labs/ai/llm-genai-deep/02-hnsw-indexing/README.md,102,41,40,0
labs/ai/llm-genai-deep/03-rag-pipeline/README.md,102,41,40,0
labs/ai/llm-genai-deep/04-rag-evaluation/README.md,102,41,40,0
labs/ai/llm-genai-deep/05-prompt-engineering/README.md,102,41,40,0
labs/ai/llm-genai-deep/06-llm-agents/README.md,102,41,40,0
labs/ai/llm-genai-deep/07-fine-tuning/README.md,102,41,40,0
labs/ai/llm-genai-deep/08-rlhf/README.md,102,41,40,0
labs/ai/llm-genai-deep/09-hallucination-mitigation/README.md,102,41,40,0
labs/ai/llm-genai-deep/10-ai-safety/README.md,102,41,40,0
labs/ai/math-for-ai-deep/01-vectors-spaces/README.md,102,41,40,0
labs/ai/math-for-ai-deep/02-matrices-operations/README.md,102,41,40,0
labs/ai/math-for-ai-deep/03-eigenvalues-svd/README.md,102,41,40,0
labs/ai/math-for-ai-deep/04-gradient-vector-calc/README.md,102,41,40,0
labs/ai/math-for-ai-deep/05-probability-distributions/README.md,102,41,40,0
labs/ai/math-for-ai-deep/06-bayesian-inference/README.md,102,41,40,0
labs/ai/math-for-ai-deep/07-information-theory/README.md,102,41,40,0
labs/ai/math-for-ai-deep/08-optimization-fundamentals/README.md,102,41,40,0
labs/ai/math-for-ai-deep/09-gradient-descent-variants/README.md,102,41,40,0
labs/ai/math-for-ai-deep/10-numerical-computing/README.md,102,41,40,0
labs/ai/neural-networks-deep/01-perceptron/README.md,102,41,40,0
labs/ai/neural-networks-deep/02-mlp-backprop/README.md,102,41,40,0
labs/ai/neural-networks-deep/03-activation-functions/README.md,102,41,40,0
labs/ai/neural-networks-deep/04-loss-functions/README.md,102,41,40,0
labs/ai/neural-networks-deep/05-regularization/README.md,102,41,40,0
labs/ai/neural-networks-deep/06-weight-initialization/README.md,102,41,40,0
labs/ai/neural-networks-deep/07-optimizers/README.md,102,41,40,0
labs/ai/neural-networks-deep/08-normalization-layers/README.md,102,41,40,0
labs/ai/neural-networks-deep/09-advanced-architectures/README.md,102,41,40,0
labs/ai/neural-networks-deep/10-model-compression/README.md,102,41,40,0
labs/math/calculus-deep/01-limits-continuity/ARCHITECTURE.md,21,8,38,0
labs/math/calculus-deep/02-derivatives-rules/ARCHITECTURE.md,21,8,38,0
labs/math/calculus-deep/03-derivative-applications/ARCHITECTURE.md,21,8,38,0
labs/math/calculus-deep/04-integral-fundamentals/ARCHITECTURE.md,21,8,38,0
labs/math/calculus-deep/05-integration-techniques/ARCHITECTURE.md,21,8,38,0
labs/math/calculus-deep/06-differential-equations/ARCHITECTURE.md,21,8,38,0
labs/math/calculus-deep/07-multivariable-calculus/ARCHITECTURE.md,21,8,38,0
labs/math/calculus-deep/08-vector-calculus/ARCHITECTURE.md,21,8,38,0
labs/architecture/01-microservices/MOCK_INTERVIEW.md,62,20,32,0
labs/data-structures/33-treap/REAL_WORLD_PROJECT.md,16,5,31,0
labs/math/calculus-deep/01-limits-continuity/SECURITY.md,26,8,31,0
labs/math/calculus-deep/02-derivatives-rules/SECURITY.md,26,8,31,0
labs/math/calculus-deep/03-derivative-applications/SECURITY.md,26,8,31,0
labs/math/calculus-deep/04-integral-fundamentals/SECURITY.md,26,8,31,0
labs/math/calculus-deep/05-integration-techniques/SECURITY.md,26,8,31,0
labs/math/calculus-deep/06-differential-equations/SECURITY.md,26,8,31,0
labs/math/calculus-deep/07-multivariable-calculus/SECURITY.md,26,8,31,0
labs/math/calculus-deep/08-vector-calculus/SECURITY.md,26,8,31,0
labs/data-structures/29-van-emde-boas/REAL_WORLD_PROJECT.md,17,5,29,0
labs/data-structures/10-trie/REAL_WORLD_PROJECT.md,19,5,26,0
labs/data-structures/11-union-find/REAL_WORLD_PROJECT.md,19,5,26,0
labs/data-structures/12-segment-trees/REAL_WORLD_PROJECT.md,19,5,26,0
labs/data-structures/13-fenwick-tree/REAL_WORLD_PROJECT.md,19,5,26,0
labs/data-structures/14-skip-lists/REAL_WORLD_PROJECT.md,19,5,26,0
labs/data-structures/15-lru-cache/REAL_WORLD_PROJECT.md,19,5,26,0
labs/data-structures/16-concurrent-data-structures/REAL_WORLD_PROJECT.md,19,5,26,0
labs/data-structures/17-spatial-data-structures/REAL_WORLD_PROJECT.md,19,5,26,0
labs/data-structures/18-circular-buffers/REAL_WORLD_PROJECT.md,19,5,26,0
labs/data-structures/19-sparse-table-rmq/REAL_WORLD_PROJECT.md,19,5,26,0
labs/data-structures/20-immutable-persistent/REAL_WORLD_PROJECT.md,19,5,26,0
labs/data-structures/21-cuckoo-robin-hood/REAL_WORLD_PROJECT.md,19,5,26,0
labs/data-structures/22-merkle-tree/REAL_WORLD_PROJECT.md,19,5,26,0
labs/data-structures/23-dsu-rollbacks/REAL_WORLD_PROJECT.md,19,5,26,0
labs/data-structures/24-xor-unrolled-lists/REAL_WORLD_PROJECT.md,19,5,26,0
labs/data-structures/25-space-filling-curves/REAL_WORLD_PROJECT.md,19,5,26,0
labs/data-structures/26-hyperloglog/REAL_WORLD_PROJECT.md,19,5,26,0
labs/data-structures/27-count-min-sketch/REAL_WORLD_PROJECT.md,20,5,25,0
